Post Code,Post Office Name,Post Office Level,Phone,Province,District,Commune,Address,Status,Branch,Pickup Branch,Commune EN,Commune Khmer,Phone Number,Main Branch Phone,Branch Code,Branch EN,Branch Khmer,Category,Post office level,Type,Latitude,Longitude,Search Text
BANA001,Chamnaom,AGENT,0716111197,Banteay Meanchey,Mongkol Borei,Chamnaom,"Chamnaom, Mongkol Borei, Banteay Meanchey, Cambodia",ACTIVE,BAN,BANA001,Chamnaom,Chamnaom,0716111197,0316000285,BAN,Banteay Meanchey,Banteay Meanchey,AGENT,AGENT,AGENT,13.437565,102.934632,BANA001 | Chamnaom | 0716111197 | BAN | Banteay Meanchey | Mongkol Borei | AGENT
BANA002,Paoy Paet,AGENT,068664966,Banteay Meanchey,Paoy Paet,Paoy Paet,"Paoy Paet, Paoy Paet, Banteay Meanchey, Cambodia",ACTIVE,BAN,BANA002,Paoy Paet,Paoy Paet,068664966,0316000285,BAN,Banteay Meanchey,Banteay Meanchey,AGENT,AGENT,AGENT,13.682498,102.564968,BANA002 | Paoy Paet | 068664966 | BAN | Banteay Meanchey | Paoy Paet | AGENT
BANA003,Preah Punlea,AGENT,0884844416,Banteay Meanchey,Serei Saophoan,Preah Punlea,"Preah Punlea, Serei Saophoan, Banteay Meanchey, Cambodia",ACTIVE,BAN,BANA003,Preah Punlea,Preah Punlea,0884844416,0316000285,BAN,Banteay Meanchey,Banteay Meanchey,AGENT,AGENT,AGENT,13.59106,102.973797,BANA003 | Preah Punlea | 0884844416 | BAN | Banteay Meanchey | Serei Saophoan | AGENT
BANA004,Phsar Kandal,AGENT,0882344488,Banteay Meanchey,Paoy Paet,Phsar Kandal,"Phsar Kandal, Paoy Paet, Banteay Meanchey, Cambodia",ACTIVE,BAN,BANA004,Phsar Kandal,Phsar Kandal,0882344488,0316000285,BAN,Banteay Meanchey,Banteay Meanchey,AGENT,AGENT,AGENT,13.646559,102.590885,BANA004 | Phsar Kandal | 0882344488 | BAN | Banteay Meanchey | Paoy Paet | AGENT
BANA005,Ou Ruessei,AGENT,0977842760,Banteay Meanchey,Serei Saophoan,Ou Ruessei,"Ou Ruessei, Serei Saophoan, Banteay Meanchey, Cambodia",ACTIVE,BAN,BANA005,Ou Ruessei,Ou Ruessei,0977842760,0316000285,BAN,Banteay Meanchey,Banteay Meanchey,AGENT,AGENT,AGENT,13.69538,102.651888,BANA005 | Ou Ruessei | 0977842760 | BAN | Banteay Meanchey | Serei Saophoan | AGENT
BANA006,Roluos,AGENT,067253334,Banteay Meanchey,Svay Chek,Roluos,"Roluos, Svay Chek, Banteay Meanchey, Cambodia",ACTIVE,BAN,BANA006,Roluos,Roluos,067253334,0316000285,BAN,Banteay Meanchey,Banteay Meanchey,AGENT,AGENT,AGENT,13.80385,102.96445,BANA006 | Roluos | 067253334 | BAN | Banteay Meanchey | Svay Chek | AGENT
BANA007,Phnum Touch,AGENT,0973991168,Banteay Meanchey,Mongkol Borei,Phnum Touch,"Phnum Touch, Mongkol Borei, Banteay Meanchey, Cambodia",ACTIVE,BAN,BANA007,Phnum Touch,Phnum Touch,0973991168,0316000285,BAN,Banteay Meanchey,Banteay Meanchey,AGENT,AGENT,AGENT,13.410764,103.017448,BANA007 | Phnum Touch | 0973991168 | BAN | Banteay Meanchey | Mongkol Borei | AGENT
BANA008,Paoy Char,AGENT,0889574697,Banteay Meanchey,Serei Saophoan,Paoy Char,"Paoy Char, Serei Saophoan, Banteay Meanchey, Cambodia",ACTIVE,BAN,BANA008,Paoy Char,Paoy Char,0889574697,0316000285,BAN,Banteay Meanchey,Banteay Meanchey,AGENT,AGENT,AGENT,13.774137,103.313281,BANA008 | Paoy Char | 0889574697 | BAN | Banteay Meanchey | Serei Saophoan | AGENT
BANA009,Chub Vari,AGENT,0717333545,Banteay Meanchey,Serei Saophoan,Chub Vari,"Chub Vari, Serei Saophoan, Banteay Meanchey, Cambodia",ACTIVE,BAN,BANA009,Chub Vari,Chub Vari,0717333545,0316000285,BAN,Banteay Meanchey,Banteay Meanchey,AGENT,AGENT,AGENT,13.623668,103.182027,BANA009 | Chub Vari | 0717333545 | BAN | Banteay Meanchey | Serei Saophoan | AGENT
BANA010,Banteay Chhmar,AGENT,0976111877,Banteay Meanchey,Thma Puok,Banteay Chhmar,"Banteay Chhmar, Thma Puok, Banteay Meanchey, Cambodia",ACTIVE,BAN,BANA010,Banteay Chhmar,Banteay Chhmar,0976111877,0316000285,BAN,Banteay Meanchey,Banteay Meanchey,AGENT,AGENT,AGENT,12.252597,105.977067,BANA010 | Banteay Chhmar | 0976111877 | BAN | Banteay Meanchey | Thma Puok | AGENT
BANA011,Kampong Svay,AGENT,066824778,Banteay Meanchey,Serei Saophoan,Kampong Svay,"Kampong Svay, Serei Saophoan, Banteay Meanchey, Cambodia",ACTIVE,BAN,BANA011,Kampong Svay,Kampong Svay,066824778,0316000285,BAN,Banteay Meanchey,Banteay Meanchey,AGENT,AGENT,AGENT,13.600802,102.967587,BANA011 | Kampong Svay | 066824778 | BAN | Banteay Meanchey | Serei Saophoan | AGENT
BANA012,Malai,AGENT,0313339007,Banteay Meanchey,Malai,Malai,"Malai, Malai, Banteay Meanchey, Cambodia",ACTIVE,BAN,BANA012,Malai,Malai,0313339007,0316000285,BAN,Banteay Meanchey,Banteay Meanchey,AGENT,AGENT,AGENT,13.566301,102.364078,BANA012 | Malai | 0313339007 | BAN | Banteay Meanchey | Malai | AGENT
BANA013,Thma Puok,AGENT,0974331131,Banteay Meanchey,Thma Puok,Thma Puok,"Thma Puok, Thma Puok, Banteay Meanchey, Cambodia",ACTIVE,BAN,BANA013,Thma Puok,Thma Puok,0974331131,0316000285,BAN,Banteay Meanchey,Banteay Meanchey,AGENT,AGENT,AGENT,13.941231,103.049339,BANA013 | Thma Puok | 0974331131 | BAN | Banteay Meanchey | Thma Puok | AGENT
BANA014,Koub,AGENT,0973037787,Banteay Meanchey,Ou Chrov,Koub,"Koub, Ou Chrov, Banteay Meanchey, Cambodia",ACTIVE,BAN,BANA014,Koub,Koub,0973037787,0316000285,BAN,Banteay Meanchey,Banteay Meanchey,AGENT,AGENT,AGENT,13.608353,102.764872,BANA014 | Koub | 0973037787 | BAN | Banteay Meanchey | Ou Chrov | AGENT
BANA015,Changha,AGENT,068982047,Banteay Meanchey,Ou Chrov,Changha,"Changha, Ou Chrov, Banteay Meanchey, Cambodia",ACTIVE,BAN,BANA015,Changha,Changha,068982047,0316000285,BAN,Banteay Meanchey,Banteay Meanchey,AGENT,AGENT,AGENT,13.647113,102.886313,BANA015 | Changha | 068982047 | BAN | Banteay Meanchey | Ou Chrov | AGENT
BANA016,Phnum Lieb,AGENT,0885960140,Banteay Meanchey,Preah Netr Preah,Phnum Lieb,"Phnum Lieb, Preah Netr Preah, Banteay Meanchey, Cambodia",ACTIVE,BAN,BANA016,Phnum Lieb,Phnum Lieb,0885960140,0316000285,BAN,Banteay Meanchey,Banteay Meanchey,AGENT,AGENT,AGENT,13.605432,103.312393,BANA016 | Phnum Lieb | 0885960140 | BAN | Banteay Meanchey | Preah Netr Preah | AGENT
BANA017,Punley,AGENT,0975662211,Banteay Meanchey,Serei Saophoan,Punley,"Punley, Serei Saophoan, Banteay Meanchey, Cambodia",ACTIVE,BAN,BANA017,Punley,Punley,0975662211,0316000285,BAN,Banteay Meanchey,Banteay Meanchey,AGENT,AGENT,AGENT,13.76928,103.22615,BANA017 | Punley | 0975662211 | BAN | Banteay Meanchey | Serei Saophoan | AGENT
BANA018,Sla Kram,AGENT,0972078889,Banteay Meanchey,Svay Chek,Sla Kram,"Sla Kram, Svay Chek, Banteay Meanchey, Cambodia",ACTIVE,BAN,BANA018,Sla Kram,Sla Kram,0972078889,0316000285,BAN,Banteay Meanchey,Banteay Meanchey,AGENT,AGENT,AGENT,13.832156,102.833294,BANA018 | Sla Kram | 0972078889 | BAN | Banteay Meanchey | Svay Chek | AGENT
BANA020,Banteay Neang,AGENT,067895868,Banteay Meanchey,Mongkol Borei,Banteay Neang,"Banteay Neang, Mongkol Borei, Banteay Meanchey, Cambodia",ACTIVE,BAN,BANA020,Banteay Neang,Banteay Neang,067895868,0316000285,BAN,Banteay Meanchey,Banteay Meanchey,AGENT,AGENT,AGENT,13.515097,103.017095,BANA020 | Banteay Neang | 067895868 | BAN | Banteay Meanchey | Mongkol Borei | AGENT
BANA021,Lay Kimleng,AGENT,0714497449,Banteay Meanchey,Serei Saophoan,Lay Kimleng,"Lay Kimleng, Serei Saophoan, Banteay Meanchey, Cambodia",ACTIVE,BAN,BANA021,Lay Kimleng,Lay Kimleng,0714497449,0316000285,BAN,Banteay Meanchey,Banteay Meanchey,AGENT,AGENT,AGENT,13.744488,102.962583,BANA021 | Lay Kimleng | 0714497449 | BAN | Banteay Meanchey | Serei Saophoan | AGENT
BANA022,Banteay Chhmar,AGENT,0888098099,Banteay Meanchey,Thma Puok,Banteay Chhmar,"Banteay Chhmar, Thma Puok, Banteay Meanchey, Cambodia",ACTIVE,BAN,BANA022,Banteay Chhmar,Banteay Chhmar,0888098099,0316000285,BAN,Banteay Meanchey,Banteay Meanchey,AGENT,AGENT,AGENT,14.0704,103.1043,BANA022 | Banteay Chhmar | 0888098099 | BAN | Banteay Meanchey | Thma Puok | AGENT
BANP001,Serei Saophoan,POST,0316000285,Banteay Meanchey,Serei Saophoan,Serei Saophoan,"Serei Saophoan, Serei Saophoan, Banteay Meanchey, Cambodia",ACTIVE,BAN,BANP001,Serei Saophoan,Serei Saophoan,0316000285,0316000285,BAN,Banteay Meanchey,Banteay Meanchey,POST,POST,POST,13.59572,102.97069,BANP001 | Serei Saophoan | 0316000285 | BAN | Banteay Meanchey | Serei Saophoan | POST
BANP002,Paoy Paet,POST,0977588589,Banteay Meanchey,Paoy Paet,Paoy Paet,"Paoy Paet, Paoy Paet, Banteay Meanchey, Cambodia",ACTIVE,BAN,BANP002,Paoy Paet,Paoy Paet,0977588589,0316000285,BAN,Banteay Meanchey,Banteay Meanchey,POST,POST,POST,13.648017,102.569641,BANP002 | Paoy Paet | 0977588589 | BAN | Banteay Meanchey | Paoy Paet | POST
BANS001,Ou Ambel,POST,0976868001,Banteay Meanchey,Serei Saophoan,Ou Ambel,"Ou Ambel, Serei Saophoan, Banteay Meanchey, Cambodia",ACTIVE,BAN,BANS001,Ou Ambel,Ou Ambel,0976868001,0316000285,BAN,Banteay Meanchey,Banteay Meanchey,POST,POST,POST,13.5852101,102.9724208,BANS001 | Ou Ambel | 0976868001 | BAN | Banteay Meanchey | Serei Saophoan | POST
BANS002,Paoy Paet,POST,0976868001,Banteay Meanchey,Paoy Paet,Paoy Paet,"Paoy Paet, Paoy Paet, Banteay Meanchey, Cambodia",ACTIVE,BAN,BANS002,Paoy Paet,Paoy Paet,0976868001,0316000285,BAN,Banteay Meanchey,Banteay Meanchey,POST,POST,POST,13.65887,102.554344,BANS002 | Paoy Paet | 0976868001 | BAN | Banteay Meanchey | Paoy Paet | POST
BANS003,Thma Puok,POST,0976868003,Banteay Meanchey,Thma Puok,Thma Puok,"Thma Puok, Thma Puok, Banteay Meanchey, Cambodia",ACTIVE,BAN,BANS003,Thma Puok,Thma Puok,0976868003,0316000285,BAN,Banteay Meanchey,Banteay Meanchey,POST,POST,POST,13.9413014,103.049302,BANS003 | Thma Puok | 0976868003 | BAN | Banteay Meanchey | Thma Puok | POST
BANS004,Srah Chik,POST,0976868004,Banteay Meanchey,Phnum Srok,Srah Chik,"Srah Chik, Phnum Srok, Banteay Meanchey, Cambodia",ACTIVE,BAN,BANS004,Srah Chik,Srah Chik,0976868004,0316000285,BAN,Banteay Meanchey,Banteay Meanchey,POST,POST,POST,13.74387,103.33588,BANS004 | Srah Chik | 0976868004 | BAN | Banteay Meanchey | Phnum Srok | POST
BCTEST6,BCTEST6,POST,0316000285,Banteay Meanchey,Serei Saophoan,BCTEST6,"BCTEST6, Serei Saophoan, Banteay Meanchey, Cambodia",INACTIVE,BAN,BCTEST6,BCTEST6,BCTEST6,0316000285,0316000285,BAN,Banteay Meanchey,Banteay Meanchey,POST,POST,POST,,,BCTEST6 | BCTEST6 | 0316000285 | BAN | Banteay Meanchey | Serei Saophoan | POST
HZ4P01,Head Office Z4,DEPARTMENT,0316000285,Banteay Meanchey,Serei Saophoan,Head Office Z4,"Head Office Z4, Serei Saophoan, Banteay Meanchey, Cambodia",ACTIVE,BAN,HZ4P01,Head Office Z4,Head Office Z4,0316000285,0316000285,BAN,Banteay Meanchey,Banteay Meanchey,DEPARTMENT,DEPARTMENT,DEPARTMENT,,,HZ4P01 | Head Office Z4 | 0316000285 | BAN | Banteay Meanchey | Serei Saophoan | DEPARTMENT
BATA001,Chomkar Somraong,AGENT,092281838,Battambang,Battambang,Chomkar Somraong,"Chomkar Somraong, Battambang, Battambang, Cambodia",ACTIVE,BAT,BATA001,Chomkar Somraong,Chomkar Somraong,092281838,0972277127,BAT,Battambang,Battambang,AGENT,AGENT,AGENT,13.129832,103.198146,BATA001 | Chomkar Somraong | 092281838 | BAT | Battambang | Battambang | AGENT
BATA002,Kampong Prieng,AGENT,0313804400,Battambang,Sangkae,Kampong Prieng,"Kampong Prieng, Sangkae, Battambang, Cambodia",ACTIVE,BAT,BATA002,Kampong Prieng,Kampong Prieng,0313804400,0972277127,BAT,Battambang,Battambang,AGENT,AGENT,AGENT,12.9489,103.3383,BATA002 | Kampong Prieng | 0313804400 | BAT | Battambang | Sangkae | AGENT
BATA003,Phnum Sampov,AGENT,0975055550,Battambang,Banan,Phnum Sampov,"Phnum Sampov, Banan, Battambang, Cambodia",ACTIVE,BAT,BATA003,Phnum Sampov,Phnum Sampov,0975055550,0972277127,BAT,Battambang,Battambang,AGENT,AGENT,AGENT,13.0296,103.1009,BATA003 | Phnum Sampov | 0975055550 | BAT | Battambang | Banan | AGENT
BATA004,Vaot Ta Muem 01,AGENT,0889678999,Battambang,Sangkae,Vaot Ta Muem 01,"Vaot Ta Muem 01, Sangkae, Battambang, Cambodia",ACTIVE,BAT,BATA004,Vaot Ta Muem 01,Vaot Ta Muem 01,0889678999,0972277127,BAT,Battambang,Battambang,AGENT,AGENT,AGENT,13.0627,103.2032,BATA004 | Vaot Ta Muem 01 | 0889678999 | BAT | Battambang | Sangkae | AGENT
BATA005,Tuol Ta Ek,AGENT,0977705535,Battambang,Battambang,Tuol Ta Ek,"Tuol Ta Ek, Battambang, Battambang, Cambodia",ACTIVE,BAT,BATA005,Tuol Ta Ek,Tuol Ta Ek,0977705535,0972277127,BAT,Battambang,Battambang,AGENT,AGENT,AGENT,13.09573,103.190527,BATA005 | Tuol Ta Ek | 0977705535 | BAT | Battambang | Battambang | AGENT
BATA006,Moung,AGENT,0976083766,Battambang,Moung Ruessei,Moung,"Moung, Moung Ruessei, Battambang, Cambodia",ACTIVE,BAT,BATA006,Moung,Moung,0976083766,0972277127,BAT,Battambang,Battambang,AGENT,AGENT,AGENT,12.775837,103.448387,BATA006 | Moung | 0976083766 | BAT | Battambang | Moung Ruessei | AGENT
BATA007,Snoeng,AGENT,0888876795,Battambang,Banan,Snoeng,"Snoeng, Banan, Battambang, Cambodia",ACTIVE,BAT,BATA007,Snoeng,Snoeng,0888876795,0972277127,BAT,Battambang,Battambang,AGENT,AGENT,AGENT,12.9784,103.0544,BATA007 | Snoeng | 0888876795 | BAT | Battambang | Banan | AGENT
BATA008,Vaot Ta Muem 02,AGENT,0712700200,Battambang,Sangkae,Vaot Ta Muem 02,"Vaot Ta Muem 02, Sangkae, Battambang, Cambodia",ACTIVE,BAT,BATA008,Vaot Ta Muem 02,Vaot Ta Muem 02,0712700200,0972277127,BAT,Battambang,Battambang,AGENT,AGENT,AGENT,13.03679,103.20173,BATA008 | Vaot Ta Muem 02 | 0712700200 | BAT | Battambang | Sangkae | AGENT
BATA009,REM SOCHEA,AGENT,0889977774,Battambang,Battambang,REM SOCHEA,"REM SOCHEA, Battambang, Battambang, Cambodia",ACTIVE,BAT,BATA009,REM SOCHEA,REM SOCHEA,0889977774,0972277127,BAT,Battambang,Battambang,AGENT,AGENT,AGENT,13.265685,102.945134,BATA009 | REM SOCHEA | 0889977774 | BAT | Battambang | Battambang | AGENT
BATA010,Santepheap,AGENT,0719596977,Battambang,Sampov Lun,Santepheap,"Santepheap, Sampov Lun, Battambang, Cambodia",ACTIVE,BAT,BATA010,Santepheap,Santepheap,0719596977,0972277127,BAT,Battambang,Battambang,AGENT,AGENT,AGENT,13.432283,102.366176,BATA010 | Santepheap | 0719596977 | BAT | Battambang | Sampov Lun | AGENT
BATA011,Boeng Reang,AGENT,067843333,Battambang,Kamrieng,Boeng Reang,"Boeng Reang, Kamrieng, Battambang, Cambodia",ACTIVE,BAT,BATA011,Boeng Reang,Boeng Reang,067843333,0972277127,BAT,Battambang,Battambang,AGENT,AGENT,AGENT,13.087139,102.446107,BATA011 | Boeng Reang | 067843333 | BAT | Battambang | Kamrieng | AGENT
BATA012,Bour,AGENT,0884477766,Battambang,Phnum Proek,Bour,"Bour, Phnum Proek, Battambang, Cambodia",ACTIVE,BAT,BATA012,Bour,Bour,0884477766,0972277127,BAT,Battambang,Battambang,AGENT,AGENT,AGENT,13.283736,102.615651,BATA012 | Bour | 0884477766 | BAT | Battambang | Phnum Proek | AGENT
BATA013,Pech Chenda 01,AGENT,0977878161,Battambang,Phnum Proek,Pech Chenda 01,"Pech Chenda 01, Phnum Proek, Battambang, Cambodia",ACTIVE,BAT,BATA013,Pech Chenda 01,Pech Chenda 01,0977878161,0972277127,BAT,Battambang,Battambang,AGENT,AGENT,AGENT,13.222725,102.391644,BATA013 | Pech Chenda 01 | 0977878161 | BAT | Battambang | Phnum Proek | AGENT
BATA014,Pech Chenda 02,AGENT,0977777893,Battambang,Phnum Proek,Pech Chenda 02,"Pech Chenda 02, Phnum Proek, Battambang, Cambodia",ACTIVE,BAT,BATA014,Pech Chenda 02,Pech Chenda 02,0977777893,0972277127,BAT,Battambang,Battambang,AGENT,AGENT,AGENT,13.2117,102.532803,BATA014 | Pech Chenda 02 | 0977777893 | BAT | Battambang | Phnum Proek | AGENT
BATA015,Sdok Pravoek,AGENT,0716709006,Battambang,Rukh Kiri,Sdok Pravoek,"Sdok Pravoek, Rukh Kiri, Battambang, Cambodia",ACTIVE,BAT,BATA015,Sdok Pravoek,Sdok Pravoek,0716709006,0972277127,BAT,Battambang,Battambang,AGENT,AGENT,AGENT,12.603483,103.490935,BATA015 | Sdok Pravoek | 0716709006 | BAT | Battambang | Rukh Kiri | AGENT
BATA016,Ta Kream,AGENT,0717111122,Battambang,Banan,Ta Kream,"Ta Kream, Banan, Battambang, Cambodia",ACTIVE,BAT,BATA016,Ta Kream,Ta Kream,0717111122,0972277127,BAT,Battambang,Battambang,AGENT,AGENT,AGENT,13.090324,103.023334,BATA016 | Ta Kream | 0717111122 | BAT | Battambang | Banan | AGENT
BATA017,Ta Sanh,AGENT,0714776666,Battambang,Samlout,Ta Sanh,"Ta Sanh, Samlout, Battambang, Cambodia",ACTIVE,BAT,BATA017,Ta Sanh,Ta Sanh,0714776666,0972277127,BAT,Battambang,Battambang,AGENT,AGENT,AGENT,12.616636,102.858967,BATA017 | Ta Sanh | 0714776666 | BAT | Battambang | Samlout | AGENT
BATA018,Kampong Lpov,AGENT,066811551,Battambang,Samlout,Kampong Lpov,"Kampong Lpov, Samlout, Battambang, Cambodia",ACTIVE,BAT,BATA018,Kampong Lpov,Kampong Lpov,066811551,0972277127,BAT,Battambang,Battambang,AGENT,AGENT,AGENT,12.543875,102.865274,BATA018 | Kampong Lpov | 066811551 | BAT | Battambang | Samlout | AGENT
BATA019,Traeng,AGENT,0714263333,Battambang,Thma Koul,Traeng,"Traeng, Thma Koul, Battambang, Cambodia",ACTIVE,BAT,BATA019,Traeng,Traeng,0714263333,0972277127,BAT,Battambang,Battambang,AGENT,AGENT,AGENT,12.832975,102.894727,BATA019 | Traeng | 0714263333 | BAT | Battambang | Thma Koul | AGENT
BATA021,Preaek Chik,AGENT,0719462246,Battambang,Rukh Kiri,Preaek Chik,"Preaek Chik, Rukh Kiri, Battambang, Cambodia",ACTIVE,BAT,BATA021,Preaek Chik,Preaek Chik,0719462246,0972277127,BAT,Battambang,Battambang,AGENT,AGENT,AGENT,12.651708,103.396619,BATA021 | Preaek Chik | 0719462246 | BAT | Battambang | Rukh Kiri | AGENT
BATA022,Bavel,AGENT,060244232,Battambang,Bavel,Bavel,"Bavel, Bavel, Battambang, Cambodia",ACTIVE,BAT,BATA022,Bavel,Bavel,060244232,0972277127,BAT,Battambang,Battambang,AGENT,AGENT,AGENT,13.256093,102.875914,BATA022 | Bavel | 060244232 | BAT | Battambang | Bavel | AGENT
BATA023,Chrey,AGENT,068444789,Battambang,Thma Koul,Chrey,"Chrey, Thma Koul, Battambang, Cambodia",ACTIVE,BAT,BATA023,Chrey,Chrey,068444789,0972277127,BAT,Battambang,Battambang,AGENT,AGENT,AGENT,13.112873,103.136953,BATA023 | Chrey | 068444789 | BAT | Battambang | Thma Koul | AGENT
BATA024,Boeng Pring,AGENT,0719066617,Battambang,Thma Koul,Boeng Pring,"Boeng Pring, Thma Koul, Battambang, Cambodia",ACTIVE,BAT,BATA024,Boeng Pring,Boeng Pring,0719066617,0972277127,BAT,Battambang,Battambang,AGENT,AGENT,AGENT,13.366959,103.034112,BATA024 | Boeng Pring | 0719066617 | BAT | Battambang | Thma Koul | AGENT
BATA025,Ta Pung,AGENT,066864422,Battambang,Thma Koul,Ta Pung,"Ta Pung, Thma Koul, Battambang, Cambodia",ACTIVE,BAT,BATA025,Ta Pung,Ta Pung,066864422,0972277127,BAT,Battambang,Battambang,AGENT,AGENT,AGENT,13.264179,103.089398,BATA025 | Ta Pung | 066864422 | BAT | Battambang | Thma Koul | AGENT
BATA026,Svay Por,AGENT,0886888897,Battambang,Battambang,Svay Por,"Svay Por, Battambang, Battambang, Cambodia",ACTIVE,BAT,BATA026,Svay Por,Svay Por,0886888897,0972277127,BAT,Battambang,Battambang,AGENT,AGENT,AGENT,13.0859,103.1988,BATA026 | Svay Por | 0886888897 | BAT | Battambang | Battambang | AGENT
BATA027,Ou Ta Ki,AGENT,0318424242,Battambang,Thma Koul,Ou Ta Ki,"Ou Ta Ki, Thma Koul, Battambang, Cambodia",ACTIVE,BAT,BATA027,Ou Ta Ki,Ou Ta Ki,0318424242,0972277127,BAT,Battambang,Battambang,AGENT,AGENT,AGENT,13.167237,103.112915,BATA027 | Ou Ta Ki | 0318424242 | BAT | Battambang | Thma Koul | AGENT
BATA028,Ta Sda,AGENT,0314157888,Battambang,Sampov Lun,Ta Sda,"Ta Sda, Sampov Lun, Battambang, Cambodia",ACTIVE,BAT,BATA028,Ta Sda,Ta Sda,0314157888,0972277127,BAT,Battambang,Battambang,AGENT,AGENT,AGENT,13.404488,102.455575,BATA028 | Ta Sda | 0314157888 | BAT | Battambang | Sampov Lun | AGENT
BATA029,Thipakdei,AGENT,0979928802,Battambang,Koas Krala,Thipakdei,"Thipakdei, Koas Krala, Battambang, Cambodia",ACTIVE,BAT,BATA029,Thipakdei,Thipakdei,0979928802,0972277127,BAT,Battambang,Battambang,AGENT,AGENT,AGENT,12.856523,103.26872,BATA029 | Thipakdei | 0979928802 | BAT | Battambang | Koas Krala | AGENT
BATA030,Prey Svay,AGENT,0319992324,Battambang,Moung Ruessei,Prey Svay,"Prey Svay, Moung Ruessei, Battambang, Cambodia",ACTIVE,BAT,BATA030,Prey Svay,Prey Svay,0319992324,0972277127,BAT,Battambang,Battambang,AGENT,AGENT,AGENT,12.713477,103.544657,BATA030 | Prey Svay | 0319992324 | BAT | Battambang | Moung Ruessei | AGENT
BATA032,Sdau,AGENT,0886384445,Battambang,Thma Koul,Sdau,"Sdau, Thma Koul, Battambang, Cambodia",ACTIVE,BAT,BATA032,Sdau,Sdau,0886384445,0972277127,BAT,Battambang,Battambang,AGENT,AGENT,AGENT,12.891503,102.973863,BATA032 | Sdau | 0886384445 | BAT | Battambang | Thma Koul | AGENT
BATA033,Ampil Pram Daeum,AGENT,0886666033,Battambang,Bavel,Ampil Pram Daeum,"Ampil Pram Daeum, Bavel, Battambang, Cambodia",ACTIVE,BAT,BATA033,Ampil Pram Daeum,Ampil Pram Daeum,0886666033,0972277127,BAT,Battambang,Battambang,AGENT,AGENT,AGENT,13.260059,102.767866,BATA033 | Ampil Pram Daeum | 0886666033 | BAT | Battambang | Bavel | AGENT
BATA034,Ou Char,AGENT,090471804,Battambang,Battambang,Ou Char,"Ou Char, Battambang, Battambang, Cambodia",ACTIVE,BAT,BATA034,Ou Char,Ou Char,090471804,0972277127,BAT,Battambang,Battambang,AGENT,AGENT,AGENT,13.1076,103.1755,BATA034 | Ou Char | 090471804 | BAT | Battambang | Battambang | AGENT
BATA035,Anlung Vil,AGENT,0718525353,Battambang,Battambang,Anlung Vil,"Anlung Vil, Battambang, Battambang, Cambodia",ACTIVE,BAT,BATA035,Anlung Vil,Anlung Vil,0718525353,0972277127,BAT,Battambang,Battambang,AGENT,AGENT,AGENT,13.0624,103.2563,BATA035 | Anlung Vil | 0718525353 | BAT | Battambang | Battambang | AGENT
BATA036,Vaot Ta Muem,AGENT,0889595557,Battambang,Sangkae,Vaot Ta Muem,"Vaot Ta Muem, Sangkae, Battambang, Cambodia",ACTIVE,BAT,BATA036,Vaot Ta Muem,Vaot Ta Muem,0889595557,0972277127,BAT,Battambang,Battambang,AGENT,AGENT,AGENT,13.01234,103.187065,BATA036 | Vaot Ta Muem | 0889595557 | BAT | Battambang | Sangkae | AGENT
BATA037,Peam Aek,AGENT,0973366686,Battambang,Aek Phnum,Peam Aek,"Peam Aek, Aek Phnum, Battambang, Cambodia",ACTIVE,BAT,BATA037,Peam Aek,Peam Aek,0973366686,0972277127,BAT,Battambang,Battambang,AGENT,AGENT,AGENT,13.161,103.2086,BATA037 | Peam Aek | 0973366686 | BAT | Battambang | Aek Phnum | AGENT
BATA038,Prey Khpos,AGENT,0979676228,Battambang,Bavel,Prey Khpos,"Prey Khpos, Bavel, Battambang, Cambodia",ACTIVE,BAT,BATA038,Prey Khpos,Prey Khpos,0979676228,0972277127,BAT,Battambang,Battambang,AGENT,AGENT,AGENT,13.347834,102.905611,BATA038 | Prey Khpos | 0979676228 | BAT | Battambang | Bavel | AGENT
BATA039,Mukh Rea,AGENT,0979655007,Battambang,Rukh Kiri,Mukh Rea,"Mukh Rea, Rukh Kiri, Battambang, Cambodia",ACTIVE,BAT,BATA039,Mukh Rea,Mukh Rea,0979655007,0972277127,BAT,Battambang,Battambang,AGENT,AGENT,AGENT,12.77559,103.448243,BATA039 | Mukh Rea | 0979655007 | BAT | Battambang | Rukh Kiri | AGENT
BATA040,Prek Preah Sdach,AGENT,0718378888,Battambang,Battambang,Prek Preah Sdach,"Prek Preah Sdach, Battambang, Battambang, Cambodia",ACTIVE,BAT,BATA040,Prek Preah Sdach,Prek Preah Sdach,0718378888,0972277127,BAT,Battambang,Battambang,AGENT,AGENT,AGENT,13.0887,103.2127,BATA040 | Prek Preah Sdach | 0718378888 | BAT | Battambang | Battambang | AGENT
BATA041,Moung Ruessei,AGENT,0965244331,Battambang,Moung Ruessei,Moung Ruessei,"Moung Ruessei, Moung Ruessei, Battambang, Cambodia",ACTIVE,BAT,BATA041,Moung Ruessei,Moung Ruessei,0965244331,0972277127,BAT,Battambang,Battambang,AGENT,AGENT,AGENT,12.903065,103.3680416,BATA041 | Moung Ruessei | 0965244331 | BAT | Battambang | Moung Ruessei | AGENT
BATA042,Sreng Koemlong,AGENT,0979542413,Battambang,Battambang,Sreng Koemlong,"Sreng Koemlong, Battambang, Battambang, Cambodia",ACTIVE,BAT,BATA042,Sreng Koemlong,Sreng Koemlong,0979542413,0972277127,BAT,Battambang,Battambang,AGENT,AGENT,AGENT,12.69947,103.57496,BATA042 | Sreng Koemlong | 0979542413 | BAT | Battambang | Battambang | AGENT
BATP001,Battambang,POST,0972277127,Battambang,Battambang,Battambang,"Battambang, Battambang, Battambang, Cambodia",ACTIVE,BAT,BATP001,Battambang,Battambang,0972277127,0972277127,BAT,Battambang,Battambang,POST,POST,POST,13.106159,103.195737,BATP001 | Battambang | 0972277127 | BAT | Battambang | Battambang | POST
BATS001,Tuol Ta Ek,POST,0972282257,Battambang,Battambang,Tuol Ta Ek,"Tuol Ta Ek, Battambang, Battambang, Cambodia",INACTIVE,BAT,BATS001,Tuol Ta Ek,Tuol Ta Ek,0972282257,0972277127,BAT,Battambang,Battambang,POST,POST,POST,13.095671,103.190739,BATS001 | Tuol Ta Ek | 0972282257 | BAT | Battambang | Battambang | POST
BATS002,Ta Pung,POST,0888894466,Battambang,Thma Koul,Ta Pung,"Ta Pung, Thma Koul, Battambang, Cambodia",INACTIVE,BAT,BATS002,Ta Pung,Ta Pung,0888894466,0972277127,BAT,Battambang,Battambang,POST,POST,POST,13.269928,103.089933,BATS002 | Ta Pung | 0888894466 | BAT | Battambang | Thma Koul | POST
BATS003,Moung,POST,0313333950,Battambang,Moung Ruessei,Moung,"Moung, Moung Ruessei, Battambang, Cambodia",ACTIVE,BAT,BATS003,Moung,Moung,0313333950,0972277127,BAT,Battambang,Battambang,POST,POST,POST,12.775481,103.447519,BATS003 | Moung | 0313333950 | BAT | Battambang | Moung Ruessei | POST
BATS004,Thmor kol,POST,0888894466,Battambang,Battambang,Thmor kol,"Thmor kol, Battambang, Battambang, Cambodia",ACTIVE,BAT,BATS004,Thmor kol,Thmor kol,0888894466,0972277127,BAT,Battambang,Battambang,POST,POST,POST,13.269991,103.889912,BATS004 | Thmor kol | 0888894466 | BAT | Battambang | Battambang | POST
BATS005,Sdau,POST,068444789,Battambang,Thma Koul,Sdau,"Sdau, Thma Koul, Battambang, Cambodia",INACTIVE,BAT,BATS005,Sdau,Sdau,068444789,0972277127,BAT,Battambang,Battambang,POST,POST,POST,12.892662,102.97397,BATS005 | Sdau | 068444789 | BAT | Battambang | Thma Koul | POST
BATS006,Bavel,POST,090929939,Battambang,Bavel,Bavel,"Bavel, Bavel, Battambang, Cambodia",INACTIVE,BAT,BATS006,Bavel,Bavel,090929939,0972277127,BAT,Battambang,Battambang,POST,POST,POST,13.25407,102.873046,BATS006 | Bavel | 090929939 | BAT | Battambang | Bavel | POST
BATS007,Moung,POST,0885676516,Battambang,Moung Ruessei,Moung,"Moung, Moung Ruessei, Battambang, Cambodia",INACTIVE,BAT,BATS007,Moung,Moung,0885676516,0972277127,BAT,Battambang,Battambang,POST,POST,POST,12.775514,103.447784,BATS007 | Moung | 0885676516 | BAT | Battambang | Moung Ruessei | POST
BATS008,Ratanak mondol,POST,0979966639,Battambang,Battambang,Ratanak mondol,"Ratanak mondol, Battambang, Battambang, Cambodia",ACTIVE,BAT,BATS008,Ratanak mondol,Ratanak mondol,0979966639,0972277127,BAT,Battambang,Battambang,POST,POST,POST,12.892583,102.974027,BATS008 | Ratanak mondol | 0979966639 | BAT | Battambang | Battambang | POST
DVCZ2,Vehicle Team Z2,SHIPPER,0972277127,Battambang,Battambang,Vehicle Team Z2,"Vehicle Team Z2, Battambang, Battambang, Cambodia",ACTIVE,BAT,DVCZ2,Vehicle Team Z2,Vehicle Team Z2,0972277127,0972277127,BAT,Battambang,Battambang,SHIPPER,SHIPPER,SHIPPER,,,DVCZ2 | Vehicle Team Z2 | 0972277127 | BAT | Battambang | Battambang | SHIPPER
HUBBAT01,Hub vùng HUBBAT01,WAREHOUSE,0972277127,Battambang,Battambang,Hub vùng HUBBAT01,"Hub vùng HUBBAT01, Battambang, Battambang, Cambodia",INACTIVE,BAT,HUBBAT01,Hub vùng HUBBAT01,Hub vùng HUBBAT01,0972277127,0972277127,BAT,Battambang,Battambang,WAREHOUSE,WAREHOUSE,WAREHOUSE,13.338261812530442,103.08321449677263,HUBBAT01 | Hub vùng HUBBAT01 | 0972277127 | BAT | Battambang | Battambang | WAREHOUSE
HZ3P01,Head Office Z3,DEPARTMENT,0972277127,Battambang,Battambang,Head Office Z3,"Head Office Z3, Battambang, Battambang, Cambodia",ACTIVE,BAT,HZ3P01,Head Office Z3,Head Office Z3,0972277127,0972277127,BAT,Battambang,Battambang,DEPARTMENT,DEPARTMENT,DEPARTMENT,,,HZ3P01 | Head Office Z3 | 0972277127 | BAT | Battambang | Battambang | DEPARTMENT
KVBAT01,Kho vùng BAT,WAREHOUSE,0972277127,Battambang,Battambang,Kho vùng BAT,"Kho vùng BAT, Battambang, Battambang, Cambodia",INACTIVE,BAT,KVBAT01,Kho vùng BAT,Kho vùng BAT,0972277127,0972277127,BAT,Battambang,Battambang,WAREHOUSE,WAREHOUSE,WAREHOUSE,,,KVBAT01 | Kho vùng BAT | 0972277127 | BAT | Battambang | Battambang | WAREHOUSE
CHAA001,Peam Prathnuoh,AGENT,0888664145,Kampong Cham,Kaoh Soutin,Peam Prathnuoh,"Peam Prathnuoh, Kaoh Soutin, Kampong Cham, Cambodia",ACTIVE,CHA,CHAA001,Peam Prathnuoh,Peam Prathnuoh,0888664145,0979026168,CHA,Kampong Cham,Kampong Cham,AGENT,AGENT,AGENT,11.892662,105.428499,CHAA001 | Peam Prathnuoh | 0888664145 | CHA | Kampong Cham | Kaoh Soutin | AGENT
CHAA002,Chrey Vien,AGENT,067665432,Kampong Cham,Prey Chhor,Chrey Vien,"Chrey Vien, Prey Chhor, Kampong Cham, Cambodia",ACTIVE,CHA,CHAA002,Chrey Vien,Chrey Vien,067665432,0979026168,CHA,Kampong Cham,Kampong Cham,AGENT,AGENT,AGENT,12.058398,105.257688,CHAA002 | Chrey Vien | 067665432 | CHA | Kampong Cham | Prey Chhor | AGENT
CHAA003,Kor,AGENT,066666642,Kampong Cham,Cheung Prey,Kor,"Kor, Cheung Prey, Kampong Cham, Cambodia",ACTIVE,CHA,CHAA003,Kor,Kor,066666642,0979026168,CHA,Kampong Cham,Kampong Cham,AGENT,AGENT,AGENT,12.11317,105.21706,CHAA003 | Kor | 066666642 | CHA | Kampong Cham | Cheung Prey | AGENT
CHAA004,Sandaek,AGENT,0886341117,Kampong Cham,Batheay,Sandaek,"Sandaek, Batheay, Kampong Cham, Cambodia",ACTIVE,CHA,CHAA004,Sandaek,Sandaek,0886341117,0979026168,CHA,Kampong Cham,Kampong Cham,AGENT,AGENT,AGENT,12.123065,104.970836,CHAA004 | Sandaek | 0886341117 | CHA | Kampong Cham | Batheay | AGENT
CHAA005,Me Sar Chrey,AGENT,060373336,Kampong Cham,Stueng Trang,Me Sar Chrey,"Me Sar Chrey, Stueng Trang, Kampong Cham, Cambodia",ACTIVE,CHA,CHAA005,Me Sar Chrey,Me Sar Chrey,060373336,0979026168,CHA,Kampong Cham,Kampong Cham,AGENT,AGENT,AGENT,12.29968,105.419272,CHAA005 | Me Sar Chrey | 060373336 | CHA | Kampong Cham | Stueng Trang | AGENT
CHAA006,Peam Chi Kang,AGENT,0979008412,Kampong Cham,Kang Meas,Peam Chi Kang,"Peam Chi Kang, Kang Meas, Kampong Cham, Cambodia",ACTIVE,CHA,CHAA006,Peam Chi Kang,Peam Chi Kang,0979008412,0979026168,CHA,Kampong Cham,Kampong Cham,AGENT,AGENT,AGENT,11.946622,105.247515,CHAA006 | Peam Chi Kang | 0979008412 | CHA | Kampong Cham | Kang Meas | AGENT
CHAA007,Ta Prok,AGENT,0714862222,Kampong Cham,Chamkar Leu,Ta Prok,"Ta Prok, Chamkar Leu, Kampong Cham, Cambodia",ACTIVE,CHA,CHAA007,Ta Prok,Ta Prok,0714862222,0979026168,CHA,Kampong Cham,Kampong Cham,AGENT,AGENT,AGENT,12.376818,105.222342,CHAA007 | Ta Prok | 0714862222 | CHA | Kampong Cham | Chamkar Leu | AGENT
CHAA008,Thma Pun,AGENT,0313100028,Kampong Cham,Prey Chhor,Thma Pun,"Thma Pun, Prey Chhor, Kampong Cham, Cambodia",ACTIVE,CHA,CHAA008,Thma Pun,Thma Pun,0313100028,0979026168,CHA,Kampong Cham,Kampong Cham,AGENT,AGENT,AGENT,12.162685,105.246162,CHAA008 | Thma Pun | 0313100028 | CHA | Kampong Cham | Prey Chhor | AGENT
CHAA009,Tang Krang,AGENT,0716601215,Kampong Cham,Batheay,Tang Krang,"Tang Krang, Batheay, Kampong Cham, Cambodia",ACTIVE,CHA,CHAA009,Tang Krang,Tang Krang,0716601215,0979026168,CHA,Kampong Cham,Kampong Cham,AGENT,AGENT,AGENT,11.885387,104.935627,CHAA009 | Tang Krang | 0716601215 | CHA | Kampong Cham | Batheay | AGENT
CHAA010,Bos Khnor,AGENT,0717774841,Kampong Cham,Chamkar Leu,Bos Khnor,"Bos Khnor, Chamkar Leu, Kampong Cham, Cambodia",ACTIVE,CHA,CHAA010,Bos Khnor,Bos Khnor,0717774841,0979026168,CHA,Kampong Cham,Kampong Cham,AGENT,AGENT,AGENT,12.180892,105.322863,CHAA010 | Bos Khnor | 0717774841 | CHA | Kampong Cham | Chamkar Leu | AGENT
CHAA011,Lvea,AGENT,0319621863,Kampong Cham,Chamkar Leu,Lvea,"Lvea, Chamkar Leu, Kampong Cham, Cambodia",ACTIVE,CHA,CHAA011,Lvea,Lvea,0319621863,0979026168,CHA,Kampong Cham,Kampong Cham,AGENT,AGENT,AGENT,12.057856,105.181435,CHAA011 | Lvea | 0319621863 | CHA | Kampong Cham | Chamkar Leu | AGENT
CHAA012,Khvet Thum,AGENT,0976561888,Kampong Cham,Prey Chhor,Khvet Thum,"Khvet Thum, Prey Chhor, Kampong Cham, Cambodia",ACTIVE,CHA,CHAA012,Khvet Thum,Khvet Thum,0976561888,0979026168,CHA,Kampong Cham,Kampong Cham,AGENT,AGENT,AGENT,12.059258,105.211236,CHAA012 | Khvet Thum | 0976561888 | CHA | Kampong Cham | Prey Chhor | AGENT
CHAA013,Chealea,AGENT,0977713334,Kampong Cham,Batheay,Chealea,"Chealea, Batheay, Kampong Cham, Cambodia",ACTIVE,CHA,CHAA013,Chealea,Chealea,0977713334,0979026168,CHA,Kampong Cham,Kampong Cham,AGENT,AGENT,AGENT,11.9945,104.9433,CHAA013 | Chealea | 0977713334 | CHA | Kampong Cham | Batheay | AGENT
CHAA014,Batheay,AGENT,0716363168,Kampong Cham,Batheay,Batheay,"Batheay, Batheay, Kampong Cham, Cambodia",ACTIVE,CHA,CHAA014,Batheay,Batheay,0716363168,0979026168,CHA,Kampong Cham,Kampong Cham,AGENT,AGENT,AGENT,12.027384,104.962943,CHAA014 | Batheay | 0716363168 | CHA | Kampong Cham | Batheay | AGENT
CHAA015,Soutib,AGENT,0979431314,Kampong Cham,Cheung Prey,Soutib,"Soutib, Cheung Prey, Kampong Cham, Cambodia",ACTIVE,CHA,CHAA015,Soutib,Soutib,0979431314,0979026168,CHA,Kampong Cham,Kampong Cham,AGENT,AGENT,AGENT,12.05615,105.074797,CHAA015 | Soutib | 0979431314 | CHA | Kampong Cham | Cheung Prey | AGENT
CHAA016,Veal Vung,AGENT,0718010101,Kampong Cham,Kampong Cham,Veal Vung,"Veal Vung, Kampong Cham, Kampong Cham, Cambodia",ACTIVE,CHA,CHAA016,Veal Vung,Veal Vung,0718010101,0979026168,CHA,Kampong Cham,Kampong Cham,AGENT,AGENT,AGENT,11.979458,105.458557,CHAA016 | Veal Vung | 0718010101 | CHA | Kampong Cham | Kampong Cham | AGENT
CHAA017,Areak Tnaot,AGENT,0973399000,Kampong Cham,Kampong Cham,Areak Tnaot,"Areak Tnaot, Kampong Cham, Kampong Cham, Cambodia",ACTIVE,CHA,CHAA017,Areak Tnaot,Areak Tnaot,0973399000,0979026168,CHA,Kampong Cham,Kampong Cham,AGENT,AGENT,AGENT,12.362246,105.587401,CHAA017 | Areak Tnaot | 0973399000 | CHA | Kampong Cham | Kampong Cham | AGENT
CHAA018,Kampong Cham,AGENT,0974128678,Kampong Cham,Kampong Cham,Kampong Cham,"Kampong Cham, Kampong Cham, Kampong Cham, Cambodia",ACTIVE,CHA,CHAA018,Kampong Cham,Kampong Cham,0974128678,0979026168,CHA,Kampong Cham,Kampong Cham,AGENT,AGENT,AGENT,11.991004,105.466677,CHAA018 | Kampong Cham | 0974128678 | CHA | Kampong Cham | Kampong Cham | AGENT
CHAA019,Roka Koy,AGENT,0977644227,Kampong Cham,Kang Meas,Roka Koy,"Roka Koy, Kang Meas, Kampong Cham, Cambodia",ACTIVE,CHA,CHAA019,Roka Koy,Roka Koy,0977644227,0979026168,CHA,Kampong Cham,Kampong Cham,AGENT,AGENT,AGENT,11.9412,105.3009,CHAA019 | Roka Koy | 0977644227 | CHA | Kampong Cham | Kang Meas | AGENT
CHAA020,Hanchey,AGENT,0713333612,Kampong Cham,Kampong Siem,Hanchey,"Hanchey, Kampong Siem, Kampong Cham, Cambodia",ACTIVE,CHA,CHAA020,Hanchey,Hanchey,0713333612,0979026168,CHA,Kampong Cham,Kampong Cham,AGENT,AGENT,AGENT,12.1363,105.5264,CHAA020 | Hanchey | 0713333612 | CHA | Kampong Cham | Kampong Siem | AGENT
CHAA021,Svay Pou,AGENT,068536475,Kampong Cham,Srei Santhor,Svay Pou,"Svay Pou, Srei Santhor, Kampong Cham, Cambodia",ACTIVE,CHA,CHAA021,Svay Pou,Svay Pou,068536475,0979026168,CHA,Kampong Cham,Kampong Cham,AGENT,AGENT,AGENT,11.780832,105.081073,CHAA021 | Svay Pou | 068536475 | CHA | Kampong Cham | Srei Santhor | AGENT
CHAA022,Preak Kak,AGENT,0888855293,Kampong Cham,Stueng Trang,Preak Kak,"Preak Kak, Stueng Trang, Kampong Cham, Cambodia",ACTIVE,CHA,CHAA022,Preak Kak,Preak Kak,0888855293,0979026168,CHA,Kampong Cham,Kampong Cham,AGENT,AGENT,AGENT,12.258039,105.533665,CHAA022 | Preak Kak | 0888855293 | CHA | Kampong Cham | Stueng Trang | AGENT
CHAA023,Preak Rumdeng,AGENT,0884421662,Kampong Cham,Kampong Cham,Preak Rumdeng,"Preak Rumdeng, Kampong Cham, Kampong Cham, Cambodia",ACTIVE,CHA,CHAA023,Preak Rumdeng,Preak Rumdeng,0884421662,0979026168,CHA,Kampong Cham,Kampong Cham,AGENT,AGENT,AGENT,11.9178,105.23044,CHAA023 | Preak Rumdeng | 0884421662 | CHA | Kampong Cham | Kampong Cham | AGENT
CHAA024,Tumnob,AGENT,090999000,Kampong Cham,Batheay,Tumnob,"Tumnob, Batheay, Kampong Cham, Cambodia",ACTIVE,CHA,CHAA024,Tumnob,Tumnob,090999000,0979026168,CHA,Kampong Cham,Kampong Cham,AGENT,AGENT,AGENT,12.080426,104.975446,CHAA024 | Tumnob | 090999000 | CHA | Kampong Cham | Batheay | AGENT
CHAA025,Lom Hae,AGENT,0977865168,Kampong Cham,Kampong Cham,Lom Hae,"Lom Hae, Kampong Cham, Kampong Cham, Cambodia",ACTIVE,CHA,CHAA025,Lom Hae,Lom Hae,0977865168,0979026168,CHA,Kampong Cham,Kampong Cham,AGENT,AGENT,AGENT,11.992734,105.451041,CHAA025 | Lom Hae | 0977865168 | CHA | Kampong Cham | Kampong Cham | AGENT
CHAP001,Kampong Cham,POST,0979026168,Kampong Cham,Kampong Cham,Kampong Cham,"Kampong Cham, Kampong Cham, Kampong Cham, Cambodia",ACTIVE,CHA,CHAP001,Kampong Cham,Kampong Cham,0979026168,0979026168,CHA,Kampong Cham,Kampong Cham,POST,POST,POST,11.989084,105.462284,CHAP001 | Kampong Cham | 0979026168 | CHA | Kampong Cham | Kampong Cham | POST
CHAP002,Skun,POST,0977388999,Kampong Cham,Kampong Cham,Skun,"Skun, Kampong Cham, Kampong Cham, Cambodia",ACTIVE,CHA,CHAP002,Skun,Skun,0977388999,0979026168,CHA,Kampong Cham,Kampong Cham,POST,POST,POST,12.057343,105.074807,CHAP002 | Skun | 0977388999 | CHA | Kampong Cham | Kampong Cham | POST
CHAS001,Veal Vung,POST,0884531122,Kampong Cham,Kampong Cham,Veal Vung,"Veal Vung, Kampong Cham, Kampong Cham, Cambodia",ACTIVE,CHA,CHAS001,Veal Vung,Veal Vung,0884531122,0979026168,CHA,Kampong Cham,Kampong Cham,POST,POST,POST,11.989346,105.458567,CHAS001 | Veal Vung | 0884531122 | CHA | Kampong Cham | Kampong Cham | POST
CHAS002,Preak Kak,POST,0718040003,Kampong Cham,Stueng Trang,Preak Kak,"Preak Kak, Stueng Trang, Kampong Cham, Cambodia",ACTIVE,CHA,CHAS002,Preak Kak,Preak Kak,0718040003,0979026168,CHA,Kampong Cham,Kampong Cham,POST,POST,POST,12.255298,105.539182,CHAS002 | Preak Kak | 0718040003 | CHA | Kampong Cham | Stueng Trang | POST
CHAS003,Soutib,POST,0977310368,Kampong Cham,Cheung Prey,Soutib,"Soutib, Cheung Prey, Kampong Cham, Cambodia",ACTIVE,CHA,CHAS003,Soutib,Soutib,0977310368,0979026168,CHA,Kampong Cham,Kampong Cham,POST,POST,POST,12.053318,105.056898,CHAS003 | Soutib | 0977310368 | CHA | Kampong Cham | Cheung Prey | POST
CHAS004,Chrey Vien,POST,060958251,Kampong Cham,Prey Chhor,Chrey Vien,"Chrey Vien, Prey Chhor, Kampong Cham, Cambodia",ACTIVE,CHA,CHAS004,Chrey Vien,Chrey Vien,060958251,0979026168,CHA,Kampong Cham,Kampong Cham,POST,POST,POST,12.057873,105.247003,CHAS004 | Chrey Vien | 060958251 | CHA | Kampong Cham | Prey Chhor | POST
CHAS005,Svay Teab,POST,0978122251,Kampong Cham,Chamkar Leu,Svay Teab,"Svay Teab, Chamkar Leu, Kampong Cham, Cambodia",ACTIVE,CHA,CHAS005,Svay Teab,Svay Teab,0978122251,0979026168,CHA,Kampong Cham,Kampong Cham,POST,POST,POST,12.3140397,105.2777613,CHAS005 | Svay Teab | 0978122251 | CHA | Kampong Cham | Chamkar Leu | POST
CHHA001,Ou Ruessei 01,AGENT,0979256868,Kampong Chhnang,Kampong Tralach,Ou Ruessei 01,"Ou Ruessei 01, Kampong Tralach, Kampong Chhnang, Cambodia",ACTIVE,CHH,CHHA001,Ou Ruessei 01,Ou Ruessei 01,0979256868,0978887079,CHH,Kampong Chhnang,Kampong Chhnang,AGENT,AGENT,AGENT,11.939555,104.714322,CHHA001 | Ou Ruessei 01 | 0979256868 | CHH | Kampong Chhnang | Kampong Tralach | AGENT
CHHA002,Pongro,AGENT,0882356429,Kampong Chhnang,Rolea B'ier,Pongro,"Pongro, Rolea B'ier, Kampong Chhnang, Cambodia",ACTIVE,CHH,CHHA002,Pongro,Pongro,0882356429,0978887079,CHH,Kampong Chhnang,Kampong Chhnang,AGENT,AGENT,AGENT,12.257837,104.660942,CHHA002 | Pongro | 0882356429 | CHH | Kampong Chhnang | Rolea B'ier | AGENT
CHHA003,Ou Ruessei 02,AGENT,068519717,Kampong Chhnang,Kampong Tralach,Ou Ruessei 02,"Ou Ruessei 02, Kampong Tralach, Kampong Chhnang, Cambodia",ACTIVE,CHH,CHHA003,Ou Ruessei 02,Ou Ruessei 02,068519717,0978887079,CHH,Kampong Chhnang,Kampong Chhnang,AGENT,AGENT,AGENT,11.9517,104.7185,CHHA003 | Ou Ruessei 02 | 068519717 | CHH | Kampong Chhnang | Kampong Tralach | AGENT
CHHA004,Saeb,AGENT,0974989014,Kampong Chhnang,Kampong Tralach,Saeb,"Saeb, Kampong Tralach, Kampong Chhnang, Cambodia",ACTIVE,CHH,CHHA004,Saeb,Saeb,0974989014,0978887079,CHH,Kampong Chhnang,Kampong Chhnang,AGENT,AGENT,AGENT,12.0705,104.773,CHHA004 | Saeb | 0974989014 | CHH | Kampong Chhnang | Kampong Tralach | AGENT
CHHA005,Peani,AGENT,0885871084,Kampong Chhnang,Kampong Tralach,Peani,"Peani, Kampong Tralach, Kampong Chhnang, Cambodia",ACTIVE,CHH,CHHA005,Peani,Peani,0885871084,0978887079,CHH,Kampong Chhnang,Kampong Chhnang,AGENT,AGENT,AGENT,11.9234,104.7013,CHHA005 | Peani | 0885871084 | CHH | Kampong Chhnang | Kampong Tralach | AGENT
CHHA006,Ta Ches,AGENT,0314443535,Kampong Chhnang,Kampong Tralach,Ta Ches,"Ta Ches, Kampong Tralach, Kampong Chhnang, Cambodia",ACTIVE,CHH,CHHA006,Ta Ches,Ta Ches,0314443535,0978887079,CHH,Kampong Chhnang,Kampong Chhnang,AGENT,AGENT,AGENT,12.236991,104.669291,CHHA006 | Ta Ches | 0314443535 | CHH | Kampong Chhnang | Kampong Tralach | AGENT
CHHA007,Prey Kri 01,AGENT,0715975858,Kampong Chhnang,Chol Kiri,Prey Kri 01,"Prey Kri 01, Chol Kiri, Kampong Chhnang, Cambodia",ACTIVE,CHH,CHHA007,Prey Kri 01,Prey Kri 01,0715975858,0978887079,CHH,Kampong Chhnang,Kampong Chhnang,AGENT,AGENT,AGENT,12.164788,104.881038,CHHA007 | Prey Kri 01 | 0715975858 | CHH | Kampong Chhnang | Chol Kiri | AGENT
CHHA008,Peam Chhkaok,AGENT,0718431010,Kampong Chhnang,Chol Kiri,Peam Chhkaok,"Peam Chhkaok, Chol Kiri, Kampong Chhnang, Cambodia",ACTIVE,CHH,CHHA008,Peam Chhkaok,Peam Chhkaok,0718431010,0978887079,CHH,Kampong Chhnang,Kampong Chhnang,AGENT,AGENT,AGENT,12.207648,104.816967,CHHA008 | Peam Chhkaok | 0718431010 | CHH | Kampong Chhnang | Chol Kiri | AGENT
CHHA009,Krang Skear,AGENT,0712847871,Kampong Chhnang,Tuek Phos,Krang Skear,"Krang Skear, Tuek Phos, Kampong Chhnang, Cambodia",ACTIVE,CHH,CHHA009,Krang Skear,Krang Skear,0712847871,0978887079,CHH,Kampong Chhnang,Kampong Chhnang,AGENT,AGENT,AGENT,12.238376,104.278047,CHHA009 | Krang Skear | 0712847871 | CHH | Kampong Chhnang | Tuek Phos | AGENT
CHHA010,Chhnok Tru,AGENT,0883322881,Kampong Chhnang,Baribour,Chhnok Tru,"Chhnok Tru, Baribour, Kampong Chhnang, Cambodia",ACTIVE,CHH,CHHA010,Chhnok Tru,Chhnok Tru,0883322881,0978887079,CHH,Kampong Chhnang,Kampong Chhnang,AGENT,AGENT,AGENT,12.50071,104.4547,CHHA010 | Chhnok Tru | 0883322881 | CHH | Kampong Chhnang | Baribour | AGENT
CHHA011,Svay Chrum,AGENT,0716555440,Kampong Chhnang,Rolea B'ier,Svay Chrum,"Svay Chrum, Rolea B'ier, Kampong Chhnang, Cambodia",ACTIVE,CHH,CHHA011,Svay Chrum,Svay Chrum,0716555440,0978887079,CHH,Kampong Chhnang,Kampong Chhnang,AGENT,AGENT,AGENT,12.279551,104.591655,CHHA011 | Svay Chrum | 0716555440 | CHH | Kampong Chhnang | Rolea B'ier | AGENT
CHHA012,Trangel,AGENT,0718488815,Kampong Chhnang,Kampong Leaeng,Trangel,"Trangel, Kampong Leaeng, Kampong Chhnang, Cambodia",ACTIVE,CHH,CHHA012,Trangel,Trangel,0718488815,0978887079,CHH,Kampong Chhnang,Kampong Chhnang,AGENT,AGENT,AGENT,12.2854,104.729588,CHHA012 | Trangel | 0718488815 | CHH | Kampong Chhnang | Kampong Leaeng | AGENT
CHHA013,Phsar,AGENT,0979474183,Kampong Chhnang,Baribour,Phsar,"Phsar, Baribour, Kampong Chhnang, Cambodia",ACTIVE,CHH,CHHA013,Phsar,Phsar,0979474183,0978887079,CHH,Kampong Chhnang,Kampong Chhnang,AGENT,AGENT,AGENT,12.381489,104.487486,CHHA013 | Phsar | 0979474183 | CHH | Kampong Chhnang | Baribour | AGENT
CHHA014,Krang Leav,AGENT,0979588987,Kampong Chhnang,Rolea B'ier,Krang Leav,"Krang Leav, Rolea B'ier, Kampong Chhnang, Cambodia",ACTIVE,CHH,CHHA014,Krang Leav,Krang Leav,0979588987,0978887079,CHH,Kampong Chhnang,Kampong Chhnang,AGENT,AGENT,AGENT,12.26828,104.610975,CHHA014 | Krang Leav | 0979588987 | CHH | Kampong Chhnang | Rolea B'ier | AGENT
CHHA015,Chrey Bak,AGENT,0883444423,Kampong Chhnang,Rolea B'ier,Chrey Bak,"Chrey Bak, Rolea B'ier, Kampong Chhnang, Cambodia",ACTIVE,CHH,CHHA015,Chrey Bak,Chrey Bak,0883444423,0978887079,CHH,Kampong Chhnang,Kampong Chhnang,AGENT,AGENT,AGENT,12.198668,104.653831,CHHA015 | Chrey Bak | 0883444423 | CHH | Kampong Chhnang | Rolea B'ier | AGENT
CHHA016,Chieb,AGENT,090649635,Kampong Chhnang,Tuek Phos,Chieb,"Chieb, Tuek Phos, Kampong Chhnang, Cambodia",ACTIVE,CHH,CHHA016,Chieb,Chieb,090649635,0978887079,CHH,Kampong Chhnang,Kampong Chhnang,AGENT,AGENT,AGENT,12.257837,104.660942,CHHA016 | Chieb | 090649635 | CHH | Kampong Chhnang | Tuek Phos | AGENT
CHHA017,Prey Kri 02,AGENT,0975686565,Kampong Chhnang,Chol Kiri,Prey Kri 02,"Prey Kri 02, Chol Kiri, Kampong Chhnang, Cambodia",ACTIVE,CHH,CHHA017,Prey Kri 02,Prey Kri 02,0975686565,0978887079,CHH,Kampong Chhnang,Kampong Chhnang,AGENT,AGENT,AGENT,12.257837,104.660942,CHHA017 | Prey Kri 02 | 0975686565 | CHH | Kampong Chhnang | Chol Kiri | AGENT
CHHA018,Rolea B'ier,AGENT,067334452,Kampong Chhnang,Rolea B'ier,Rolea B'ier,"Rolea B'ier, Rolea B'ier, Kampong Chhnang, Cambodia",ACTIVE,CHH,CHHA018,Rolea B'ier,Rolea B'ier,067334452,0978887079,CHH,Kampong Chhnang,Kampong Chhnang,AGENT,AGENT,AGENT,12.236872,104.669272,CHHA018 | Rolea B'ier | 067334452 | CHH | Kampong Chhnang | Rolea B'ier | AGENT
CHHA019,Kampong Chhnang,AGENT,0977267266,Kampong Chhnang,Kampong Chhnang,Kampong Chhnang,"Kampong Chhnang, Kampong Chhnang, Kampong Chhnang, Cambodia",ACTIVE,CHH,CHHA019,Kampong Chhnang,Kampong Chhnang,0977267266,0978887079,CHH,Kampong Chhnang,Kampong Chhnang,AGENT,AGENT,AGENT,12.246661,104.671258,CHHA019 | Kampong Chhnang | 0977267266 | CHH | Kampong Chhnang | Kampong Chhnang | AGENT
CHHA020,Krang Lvea,AGENT,0887676940,Kampong Chhnang,Sameakki Mean Chey,Krang Lvea,"Krang Lvea, Sameakki Mean Chey, Kampong Chhnang, Cambodia",ACTIVE,CHH,CHHA020,Krang Lvea,Krang Lvea,0887676940,0978887079,CHH,Kampong Chhnang,Kampong Chhnang,AGENT,AGENT,AGENT,11.973961,104.561273,CHHA020 | Krang Lvea | 0887676940 | CHH | Kampong Chhnang | Sameakki Mean Chey | AGENT
CHHA021,Lungveaek,AGENT,0889988927,Kampong Chhnang,Kampong Chhnang,Lungveaek,"Lungveaek, Kampong Chhnang, Kampong Chhnang, Cambodia",ACTIVE,CHH,CHHA021,Lungveaek,Lungveaek,0889988927,0978887079,CHH,Kampong Chhnang,Kampong Chhnang,AGENT,AGENT,AGENT,11.889892,104.708955,CHHA021 | Lungveaek | 0889988927 | CHH | Kampong Chhnang | Kampong Chhnang | AGENT
CHHA022,B'er,AGENT,0314892168,Kampong Chhnang,Kampong Chhnang,B'er,"B'er, Kampong Chhnang, Kampong Chhnang, Cambodia",ACTIVE,CHH,CHHA022,B'er,B'er,0314892168,0978887079,CHH,Kampong Chhnang,Kampong Chhnang,AGENT,AGENT,AGENT,12.257863,104.660945,CHHA022 | B'er | 0314892168 | CHH | Kampong Chhnang | Kampong Chhnang | AGENT
CHHA023,Rolea Bier,AGENT,0976688782,Kampong Chhnang,Kampong Chhnang,Rolea Bier,"Rolea Bier, Kampong Chhnang, Kampong Chhnang, Cambodia",ACTIVE,CHH,CHHA023,Rolea Bier,Rolea Bier,0976688782,0978887079,CHH,Kampong Chhnang,Kampong Chhnang,AGENT,AGENT,AGENT,12.166712,104.66471,CHHA023 | Rolea Bier | 0976688782 | CHH | Kampong Chhnang | Kampong Chhnang | AGENT
CHHA024,Phsar Trach,AGENT,0974446307,Kampong Chhnang,Baribour,Phsar Trach,"Phsar Trach, Baribour, Kampong Chhnang, Cambodia",ACTIVE,CHH,CHHA024,Phsar Trach,Phsar Trach,0974446307,0978887079,CHH,Kampong Chhnang,Kampong Chhnang,AGENT,AGENT,AGENT,11.840042,104.716812,CHHA024 | Phsar Trach | 0974446307 | CHH | Kampong Chhnang | Baribour | AGENT
CHHP001,Kampong Chhnang,POST,0978887079,Kampong Chhnang,Kampong Chhnang,Kampong Chhnang,"Kampong Chhnang, Kampong Chhnang, Kampong Chhnang, Cambodia",ACTIVE,CHH,CHHP001,Kampong Chhnang,Kampong Chhnang,0978887079,0978887079,CHH,Kampong Chhnang,Kampong Chhnang,POST,POST,POST,12.259851,104.67255,CHHP001 | Kampong Chhnang | 0978887079 | CHH | Kampong Chhnang | Kampong Chhnang | POST
CHHS001,Kampong Chhnang,POST,0882464009,Kampong Chhnang,Kampong Chhnang,Kampong Chhnang,"Kampong Chhnang, Kampong Chhnang, Kampong Chhnang, Cambodia",ACTIVE,CHH,CHHS001,Kampong Chhnang,Kampong Chhnang,0882464009,0978887079,CHH,Kampong Chhnang,Kampong Chhnang,POST,POST,POST,12.2529466,104.6681428,CHHS001 | Kampong Chhnang | 0882464009 | CHH | Kampong Chhnang | Kampong Chhnang | POST
CHHS002,Peani,POST,0706690,Kampong Chhnang,Kampong Tralach,Peani,"Peani, Kampong Tralach, Kampong Chhnang, Cambodia",ACTIVE,CHH,CHHS002,Peani,Peani,0706690,0978887079,CHH,Kampong Chhnang,Kampong Chhnang,POST,POST,POST,11.9371944,104.7135,CHHS002 | Peani | 0706690 | CHH | Kampong Chhnang | Kampong Tralach | POST
OU RUESSEI 02,Ou Ruessei 02,AGENT,0978887079,Kampong Chhnang,Kampong Tralach,Ou Ruessei 02,"Ou Ruessei 02, Kampong Tralach, Kampong Chhnang, Cambodia",INACTIVE,CHH,OU RUESSEI 02,Ou Ruessei 02,Ou Ruessei 02,0978887079,0978887079,CHH,Kampong Chhnang,Kampong Chhnang,AGENT,AGENT,AGENT,,,OU RUESSEI 02 | Ou Ruessei 02 | 0978887079 | CHH | Kampong Chhnang | Kampong Tralach | AGENT
KAMTEST01,Ankor Chey,POST,,Công nghệ thông tin,Prey Chhor,Ankor Chey,"Ankor Chey, Prey Chhor, Công nghệ thông tin, Cambodia",INACTIVE,CNCNTT,KAMTEST01,Ankor Chey,Ankor Chey,,0979758982,CNCNTT,Công nghệ thông tin,Công nghệ thông tin,POST,POST,POST,,,KAMTEST01 | Ankor Chey | CNCNTT | Công nghệ thông tin | Prey Chhor | POST
THUBPNP,Training Hub - PNP,WAREHOUSE,0715222126,Công nghệ thông tin,Battambang,Training Hub - PNP,"Training Hub - PNP, Battambang, Công nghệ thông tin, Cambodia",ACTIVE,CNCNTT,THUBPNP,Training Hub - PNP,Training Hub - PNP,0715222126,0886479090,CNCNTT,Công nghệ thông tin,Công nghệ thông tin,WAREHOUSE,WAREHOUSE,WAREHOUSE,,,THUBPNP | Training Hub - PNP | 0715222126 | CNCNTT | Công nghệ thông tin | Battambang | WAREHOUSE
TRAINING01,MF Training 01 - PNP,POST,0715222123,Công nghệ thông tin,Battambang,MF Training 01 - PNP,"MF Training 01 - PNP, Battambang, Công nghệ thông tin, Cambodia",ACTIVE,CNCNTT,TRAINING01,MF Training 01 - PNP,MF Training 01 - PNP,0715222123,0886479090,CNCNTT,Công nghệ thông tin,Công nghệ thông tin,POST,POST,POST,,,TRAINING01 | MF Training 01 - PNP | 0715222123 | CNCNTT | Công nghệ thông tin | Battambang | POST
TRAINING02,MF Training 02 - BAT,POST,0715222122,Công nghệ thông tin,Battambang,MF Training 02 - BAT,"MF Training 02 - BAT, Battambang, Công nghệ thông tin, Cambodia",ACTIVE,CNCNTT,TRAINING02,MF Training 02 - BAT,MF Training 02 - BAT,0715222122,0886479090,CNCNTT,Công nghệ thông tin,Công nghệ thông tin,POST,POST,POST,,,TRAINING02 | MF Training 02 - BAT | 0715222122 | CNCNTT | Công nghệ thông tin | Battambang | POST
TRAINING03,MF Training 03 - PNP,POST,0715222125,Công nghệ thông tin,Battambang,MF Training 03 - PNP,"MF Training 03 - PNP, Battambang, Công nghệ thông tin, Cambodia",ACTIVE,CNCNTT,TRAINING03,MF Training 03 - PNP,MF Training 03 - PNP,0715222125,0886479090,CNCNTT,Công nghệ thông tin,Công nghệ thông tin,POST,POST,POST,,,TRAINING03 | MF Training 03 - PNP | 0715222125 | CNCNTT | Công nghệ thông tin | Battambang | POST
GLOBAL1,Test PNP,POST,085622555,Hành trình TTTest,Battambang,Test PNP,"Test PNP, Battambang, Hành trình TTTest, Cambodia",ACTIVE,GLOBAL-TEST,GLOBAL1,Test PNP,Test PNP,085622555,0886479090,GLOBAL-TEST,Hành trình TTTest,Hành trình TTTest,POST,POST,POST,11.56245,104.91601,GLOBAL1 | Test PNP | 085622555 | GLOBAL-TEST | Hành trình TTTest | Battambang | POST
DVCZ3,Vehicle Team Z3,SHIPPER,0979758982,Kampot,Kampot,Vehicle Team Z3,"Vehicle Team Z3, Kampot, Kampot, Cambodia",ACTIVE,KAM,DVCZ3,Vehicle Team Z3,Vehicle Team Z3,0979758982,0979758982,KAM,Kampot,Kampot,SHIPPER,SHIPPER,SHIPPER,,,DVCZ3 | Vehicle Team Z3 | 0979758982 | KAM | Kampot | Kampot | SHIPPER
KAMA001,Banteay Meas Khang Kaeut,AGENT,0712030403,Kampot,Banteay Meas,Banteay Meas Khang Kaeut,"Banteay Meas Khang Kaeut, Banteay Meas, Kampot, Cambodia",ACTIVE,KAM,KAMA001,Banteay Meas Khang Kaeut,Banteay Meas Khang Kaeut,0712030403,0979758982,KAM,Kampot,Kampot,AGENT,AGENT,AGENT,10.646252,104.655786,KAMA001 | Banteay Meas Khang Kaeut | 0712030403 | KAM | Kampot | Banteay Meas | AGENT
KAMA002,Tnoat Chong Srang,AGENT,0885966105,Kampot,Banteay Meas,Tnoat Chong Srang,"Tnoat Chong Srang, Banteay Meas, Kampot, Cambodia",ACTIVE,KAM,KAMA002,Tnoat Chong Srang,Tnoat Chong Srang,0885966105,0979758982,KAM,Kampot,Kampot,AGENT,AGENT,AGENT,10.590003,104.690418,KAMA002 | Tnoat Chong Srang | 0885966105 | KAM | Kampot | Banteay Meas | AGENT
KAMA003,Preaek Kroes,AGENT,0974442111,Kampot,Kampong Trach,Preaek Kroes,"Preaek Kroes, Kampong Trach, Kampot, Cambodia",ACTIVE,KAM,KAMA003,Preaek Kroes,Preaek Kroes,0974442111,0979758982,KAM,Kampot,Kampot,AGENT,AGENT,AGENT,10.540408,104.580345,KAMA003 | Preaek Kroes | 0974442111 | KAM | Kampot | Kampong Trach | AGENT
KAMA005,Chhuk 01,AGENT,060925556,Kampot,Chhuk,Chhuk 01,"Chhuk 01, Chhuk, Kampot, Cambodia",ACTIVE,KAM,KAMA005,Chhuk 01,Chhuk 01,060925556,0979758982,KAM,Kampot,Kampot,AGENT,AGENT,AGENT,10.766813,104.495433,KAMA005 | Chhuk 01 | 060925556 | KAM | Kampot | Chhuk | AGENT
KAMA006,KEP,AGENT,067872737,Kampot,Kampot,KEP,"KEP, Kampot, Kampot, Cambodia",ACTIVE,KAM,KAMA006,KEP,KEP,067872737,0979758982,KAM,Kampot,Kampot,AGENT,AGENT,AGENT,105.59244,104.3895,KAMA006 | KEP | 067872737 | KAM | Kampot | Kampot | AGENT
KAMA007,Phnum Kong,AGENT,090855599,Kampot,Angkor Chey,Phnum Kong,"Phnum Kong, Angkor Chey, Kampot, Cambodia",ACTIVE,KAM,KAMA007,Phnum Kong,Phnum Kong,090855599,0979758982,KAM,Kampot,Kampot,AGENT,AGENT,AGENT,10.774704,104.663157,KAMA007 | Phnum Kong | 090855599 | KAM | Kampot | Angkor Chey | AGENT
KAMA008,Lbaeuk,AGENT,0979907211,Kampot,Chhuk,Lbaeuk,"Lbaeuk, Chhuk, Kampot, Cambodia",ACTIVE,KAM,KAMA008,Lbaeuk,Lbaeuk,0979907211,0979758982,KAM,Kampot,Kampot,AGENT,AGENT,AGENT,10.826849,104.372241,KAMA008 | Lbaeuk | 0979907211 | KAM | Kampot | Chhuk | AGENT
KAMA009,Dang Tung 01,AGENT,0719709797,Kampot,Kampot,Dang Tung 01,"Dang Tung 01, Kampot, Kampot, Cambodia",ACTIVE,KAM,KAMA009,Dang Tung 01,Dang Tung 01,0719709797,0979758982,KAM,Kampot,Kampot,AGENT,AGENT,AGENT,10.769814,104.373538,KAMA009 | Dang Tung 01 | 0719709797 | KAM | Kampot | Kampot | AGENT
KAMA010,Koun Sat,AGENT,0973398687,Kampot,Tuek Chhou,Koun Sat,"Koun Sat, Tuek Chhou, Kampot, Cambodia",ACTIVE,KAM,KAMA010,Koun Sat,Koun Sat,0973398687,0979758982,KAM,Kampot,Kampot,AGENT,AGENT,AGENT,10.601968,104.279321,KAMA010 | Koun Sat | 0973398687 | KAM | Kampot | Tuek Chhou | AGENT
KAMA011,Chhuk 02,AGENT,0888884413,Kampot,Chhuk,Chhuk 02,"Chhuk 02, Chhuk, Kampot, Cambodia",ACTIVE,KAM,KAMA011,Chhuk 02,Chhuk 02,0888884413,0979758982,KAM,Kampot,Kampot,AGENT,AGENT,AGENT,10.833158,104.450881,KAMA011 | Chhuk 02 | 0888884413 | KAM | Kampot | Chhuk | AGENT
KAMA012,Kaoh Touch,AGENT,0977336660,Kampot,Bokor,Kaoh Touch,"Kaoh Touch, Bokor, Kampot, Cambodia",ACTIVE,KAM,KAMA012,Kaoh Touch,Kaoh Touch,0977336660,0979758982,KAM,Kampot,Kampot,AGENT,AGENT,AGENT,10.559037,104.083316,KAMA012 | Kaoh Touch | 0977336660 | KAM | Kampot | Bokor | AGENT
KAMA013,Trapeang Reang,AGENT,0718084499,Kampot,Chum Kiri,Trapeang Reang,"Trapeang Reang, Chum Kiri, Kampot, Cambodia",ACTIVE,KAM,KAMA013,Trapeang Reang,Trapeang Reang,0718084499,0979758982,KAM,Kampot,Kampot,AGENT,AGENT,AGENT,10.922155,104.423925,KAMA013 | Trapeang Reang | 0718084499 | KAM | Kampot | Chum Kiri | AGENT
KAMA014,Dang Tung 02,AGENT,066647864,Kampot,Kampot,Dang Tung 02,"Dang Tung 02, Kampot, Kampot, Cambodia",ACTIVE,KAM,KAMA014,Dang Tung 02,Dang Tung 02,066647864,0979758982,KAM,Kampot,Kampot,AGENT,AGENT,AGENT,10.70057,104.44922,KAMA014 | Dang Tung 02 | 066647864 | KAM | Kampot | Kampot | AGENT
KAMA015,Preaek Tnaot 01,AGENT,0978107007,Kampot,Kampot,Preaek Tnaot 01,"Preaek Tnaot 01, Kampot, Kampot, Cambodia",ACTIVE,KAM,KAMA015,Preaek Tnaot 01,Preaek Tnaot 01,0978107007,0979758982,KAM,Kampot,Kampot,AGENT,AGENT,AGENT,10.578851,103.993994,KAMA015 | Preaek Tnaot 01 | 0978107007 | KAM | Kampot | Kampot | AGENT
KAMA016,Prey Thnang,AGENT,0883230032,Kampot,Tuek Chhou,Prey Thnang,"Prey Thnang, Tuek Chhou, Kampot, Cambodia",ACTIVE,KAM,KAMA016,Prey Thnang,Prey Thnang,0883230032,0979758982,KAM,Kampot,Kampot,AGENT,AGENT,AGENT,10.69138,104.253991,KAMA016 | Prey Thnang | 0883230032 | KAM | Kampot | Tuek Chhou | AGENT
KAMA017,Trapeang Sangkae,AGENT,066365170,Kampot,Tuek Chhou,Trapeang Sangkae,"Trapeang Sangkae, Tuek Chhou, Kampot, Cambodia",ACTIVE,KAM,KAMA017,Trapeang Sangkae,Trapeang Sangkae,066365170,0979758982,KAM,Kampot,Kampot,AGENT,AGENT,AGENT,10.592727,104.247785,KAMA017 | Trapeang Sangkae | 066365170 | KAM | Kampot | Tuek Chhou | AGENT
KAMA018,Kampong Kandal,AGENT,0715506622,Kampot,Kampot,Kampong Kandal,"Kampong Kandal, Kampot, Kampot, Cambodia",ACTIVE,KAM,KAMA018,Kampong Kandal,Kampong Kandal,0715506622,0979758982,KAM,Kampot,Kampot,AGENT,AGENT,AGENT,10.603561,104.186762,KAMA018 | Kampong Kandal | 0715506622 | KAM | Kampot | Kampot | AGENT
KAMA019,Ruessei Srok Khang Lech 01,AGENT,0974815105,Kampot,Kampong Trach,Ruessei Srok Khang Lech 01,"Ruessei Srok Khang Lech 01, Kampong Trach, Kampot, Cambodia",ACTIVE,KAM,KAMA019,Ruessei Srok Khang Lech 01,Ruessei Srok Khang Lech 01,0974815105,0979758982,KAM,Kampot,Kampot,AGENT,AGENT,AGENT,10.432794,104.448912,KAMA019 | Ruessei Srok Khang Lech 01 | 0974815105 | KAM | Kampot | Kampong Trach | AGENT
KAMA020,Kampong Trach Khang Kaeut,AGENT,0976993636,Kampot,Kampong Trach,Kampong Trach Khang Kaeut,"Kampong Trach Khang Kaeut, Kampong Trach, Kampot, Cambodia",ACTIVE,KAM,KAMA020,Kampong Trach Khang Kaeut,Kampong Trach Khang Kaeut,0976993636,0979758982,KAM,Kampot,Kampot,AGENT,AGENT,AGENT,10.558688,104.467121,KAMA020 | Kampong Trach Khang Kaeut | 0976993636 | KAM | Kampot | Kampong Trach | AGENT
KAMA021,Trapeang Sala Khang Kaeut,AGENT,068470026,Kampot,Banteay Meas,Trapeang Sala Khang Kaeut,"Trapeang Sala Khang Kaeut, Banteay Meas, Kampot, Cambodia",ACTIVE,KAM,KAMA021,Trapeang Sala Khang Kaeut,Trapeang Sala Khang Kaeut,068470026,0979758982,KAM,Kampot,Kampot,AGENT,AGENT,AGENT,10.705028,104.620335,KAMA021 | Trapeang Sala Khang Kaeut | 068470026 | KAM | Kampot | Banteay Meas | AGENT
KAMA022,Praphnum,AGENT,0977833168,Kampot,Angkor Chey,Praphnum,"Praphnum, Angkor Chey, Kampot, Cambodia",ACTIVE,KAM,KAMA022,Praphnum,Praphnum,0977833168,0979758982,KAM,Kampot,Kampot,AGENT,AGENT,AGENT,10.839616,104.650137,KAMA022 | Praphnum | 0977833168 | KAM | Kampot | Angkor Chey | AGENT
KAMA023,Ruessei Srok Khang Lech 02,AGENT,0886242006,Kampot,Kampong Trach,Ruessei Srok Khang Lech 02,"Ruessei Srok Khang Lech 02, Kampong Trach, Kampot, Cambodia",ACTIVE,KAM,KAMA023,Ruessei Srok Khang Lech 02,Ruessei Srok Khang Lech 02,0886242006,0979758982,KAM,Kampot,Kampot,AGENT,AGENT,AGENT,10.491692,104.457715,KAMA023 | Ruessei Srok Khang Lech 02 | 0886242006 | KAM | Kampot | Kampong Trach | AGENT
KAMA024,Ang Sophi,AGENT,0714236423,Kampot,Kampot,Ang Sophi,"Ang Sophi, Kampot, Kampot, Cambodia",ACTIVE,KAM,KAMA024,Ang Sophi,Ang Sophi,0714236423,0979758982,KAM,Kampot,Kampot,AGENT,AGENT,AGENT,10.55492,104.499998,KAMA024 | Ang Sophi | 0714236423 | KAM | Kampot | Kampot | AGENT
KAMA025,Damnak Kantuot Khang Cheung,AGENT,0883872671,Kampot,Kampong Trach,Damnak Kantuot Khang Cheung,"Damnak Kantuot Khang Cheung, Kampong Trach, Kampot, Cambodia",ACTIVE,KAM,KAMA025,Damnak Kantuot Khang Cheung,Damnak Kantuot Khang Cheung,0883872671,0979758982,KAM,Kampot,Kampot,AGENT,AGENT,AGENT,10.616107,104.451051,KAMA025 | Damnak Kantuot Khang Cheung | 0883872671 | KAM | Kampot | Kampong Trach | AGENT
KAMA026,L ang,AGENT,0884042326,Kampot,Kampot,L ang,"L ang, Kampot, Kampot, Cambodia",ACTIVE,KAM,KAMA026,L ang,L ang,0884042326,0979758982,KAM,Kampot,Kampot,AGENT,AGENT,AGENT,10.741902,104.341575,KAMA026 | L ang | 0884042326 | KAM | Kampot | Kampot | AGENT
KAMA027,Tuk Meas Khang Lech,AGENT,0886272862,Kampot,Banteay Meas,Tuk Meas Khang Lech,"Tuk Meas Khang Lech, Banteay Meas, Kampot, Cambodia",ACTIVE,KAM,KAMA027,Tuk Meas Khang Lech,Tuk Meas Khang Lech,0886272862,0979758982,KAM,Kampot,Kampot,AGENT,AGENT,AGENT,10.666234,104.560236,KAMA027 | Tuk Meas Khang Lech | 0886272862 | KAM | Kampot | Banteay Meas | AGENT
KAMA028,Preaek Tnaot 02,AGENT,0884811108,Kampot,Kampot,Preaek Tnaot 02,"Preaek Tnaot 02, Kampot, Kampot, Cambodia",ACTIVE,KAM,KAMA028,Preaek Tnaot 02,Preaek Tnaot 02,0884811108,0979758982,KAM,Kampot,Kampot,AGENT,AGENT,AGENT,10.612442,103.931604,KAMA028 | Preaek Tnaot 02 | 0884811108 | KAM | Kampot | Kampot | AGENT
KAMA029,Dambouk Khpuos,AGENT,0885217220,Kampot,Kampot,Dambouk Khpuos,"Dambouk Khpuos, Kampot, Kampot, Cambodia",ACTIVE,KAM,KAMA029,Dambouk Khpuos,Dambouk Khpuos,0885217220,0979758982,KAM,Kampot,Kampot,AGENT,AGENT,AGENT,10.776852,104.568238,KAMA029 | Dambouk Khpuos | 0885217220 | KAM | Kampot | Kampot | AGENT
KAMA030,Dong Tong,AGENT,068539366,Kampot,Kampot,Dong Tong,"Dong Tong, Kampot, Kampot, Cambodia",ACTIVE,KAM,KAMA030,Dong Tong,Dong Tong,068539366,0979758982,KAM,Kampot,Kampot,AGENT,AGENT,AGENT,10.62885,104.47109,KAMA030 | Dong Tong | 068539366 | KAM | Kampot | Kampot | AGENT
KAMA031,KampongTrach,AGENT,067740007,Kampot,Kampong Trach,KampongTrach,"KampongTrach, Kampong Trach, Kampot, Cambodia",ACTIVE,KAM,KAMA031,KampongTrach,KampongTrach,067740007,0979758982,KAM,Kampot,Kampot,AGENT,AGENT,AGENT,10.447786,104.437666,KAMA031 | KampongTrach | 067740007 | KAM | Kampot | Kampong Trach | AGENT
KAMP001,Kampot,POST,0979758982,Kampot,Kampot,Kampot,"Kampot, Kampot, Kampot, Cambodia",ACTIVE,KAM,KAMP001,Kampot,Kampot,0979758982,0979758982,KAM,Kampot,Kampot,POST,POST,POST,10.619812,104.182473,KAMP001 | Kampot | 0979758982 | KAM | Kampot | Kampot | POST
KAMS001,Krang Ampil,POST,0972141011,Kampot,Kampot,Krang Ampil,"Krang Ampil, Kampot, Kampot, Cambodia",ACTIVE,KAM,KAMS001,Krang Ampil,Krang Ampil,0972141011,0979758982,KAM,Kampot,Kampot,POST,POST,POST,10.6143893,104.1821269,KAMS001 | Krang Ampil | 0972141011 | KAM | Kampot | Kampot | POST
KAMS002,Tuk Meas Khang Lech,POST,0888808908,Kampot,Banteay Meas,Tuk Meas Khang Lech,"Tuk Meas Khang Lech, Banteay Meas, Kampot, Cambodia",ACTIVE,KAM,KAMS002,Tuk Meas Khang Lech,Tuk Meas Khang Lech,0888808908,0979758982,KAM,Kampot,Kampot,POST,POST,POST,10.667472,104.560635,KAMS002 | Tuk Meas Khang Lech | 0888808908 | KAM | Kampot | Banteay Meas | POST
KAMS003,Satv Pong,POST,0976095490,Kampot,Chhuk,Satv Pong,"Satv Pong, Chhuk, Kampot, Cambodia",ACTIVE,KAM,KAMS003,Satv Pong,Satv Pong,0976095490,0979758982,KAM,Kampot,Kampot,POST,POST,POST,10.835357,104.454835,KAMS003 | Satv Pong | 0976095490 | KAM | Kampot | Chhuk | POST
KANA001,Preaek Chrey,AGENT,0885014445,Kandal,Ta Khmau,Preaek Chrey,"Preaek Chrey, Ta Khmau, Kandal, Cambodia",ACTIVE,KAN,KANA001,Preaek Chrey,Preaek Chrey,0885014445,0972355986,KAN,Kandal,Kandal,AGENT,AGENT,AGENT,10.96737,105.10423,KANA001 | Preaek Chrey | 0885014445 | KAN | Kandal | Ta Khmau | AGENT
KANA002,Sampov Pun 01,AGENT,0975299991,Kandal,Ta Khmau,Sampov Pun 01,"Sampov Pun 01, Ta Khmau, Kandal, Cambodia",ACTIVE,KAN,KANA002,Sampov Pun 01,Sampov Pun 01,0975299991,0972355986,KAN,Kandal,Kandal,AGENT,AGENT,AGENT,11.027526,105.05863,KANA002 | Sampov Pun 01 | 0975299991 | KAN | Kandal | Ta Khmau | AGENT
KANA003,Pou Ban 01,AGENT,0975443338,Kandal,Ta Khmau,Pou Ban 01,"Pou Ban 01, Ta Khmau, Kandal, Cambodia",ACTIVE,KAN,KANA003,Pou Ban 01,Pou Ban 01,0975443338,0972355986,KAN,Kandal,Kandal,AGENT,AGENT,AGENT,11.195817,105.061087,KANA003 | Pou Ban 01 | 0975443338 | KAN | Kandal | Ta Khmau | AGENT
KANA004,Settak bou,AGENT,0315055568,Kandal,Ta Khmau,Settak bou,"Settak bou, Ta Khmau, Kandal, Cambodia",ACTIVE,KAN,KANA004,Settak bou,Settak bou,0315055568,0972355986,KAN,Kandal,Kandal,AGENT,AGENT,AGENT,11.455657,105.029998,KANA004 | Settak bou | 0315055568 | KAN | Kandal | Ta Khmau | AGENT
KANA005,Svay Rolum,AGENT,066666603,Kandal,Ta Khmau,Svay Rolum,"Svay Rolum, Ta Khmau, Kandal, Cambodia",ACTIVE,KAN,KANA005,Svay Rolum,Svay Rolum,066666603,0972355986,KAN,Kandal,Kandal,AGENT,AGENT,AGENT,11.455178,104.999608,KANA005 | Svay Rolum | 066666603 | KAN | Kandal | Ta Khmau | AGENT
KANA006,Krang Youv,AGENT,090833458,Kandal,Ta Khmau,Krang Youv,"Krang Youv, Ta Khmau, Kandal, Cambodia",ACTIVE,KAN,KANA006,Krang Youv,Krang Youv,090833458,0972355986,KAN,Kandal,Kandal,AGENT,AGENT,AGENT,11.292181,104.947988,KANA006 | Krang Youv | 090833458 | KAN | Kandal | Ta Khmau | AGENT
KANA007,Khpob,AGENT,0977507013,Kandal,Leuk Daek,Khpob,"Khpob, Leuk Daek, Kandal, Cambodia",ACTIVE,KAN,KANA007,Khpob,Khpob,0977507013,0972355986,KAN,Kandal,Kandal,AGENT,AGENT,AGENT,11.265877,105.033555,KANA007 | Khpob | 0977507013 | KAN | Kandal | Leuk Daek | AGENT
KANA008,Khpob Ateav,AGENT,068686963,Kandal,Leuk Daek,Khpob Ateav,"Khpob Ateav, Leuk Daek, Kandal, Cambodia",ACTIVE,KAN,KANA008,Khpob Ateav,Khpob Ateav,068686963,0972355986,KAN,Kandal,Kandal,AGENT,AGENT,AGENT,11.058028,105.191104,KANA008 | Khpob Ateav | 068686963 | KAN | Kandal | Leuk Daek | AGENT
KANA009,Kokir Thum,AGENT,0884446153,Kandal,Kien Svay,Kokir Thum,"Kokir Thum, Kien Svay, Kandal, Cambodia",ACTIVE,KAN,KANA009,Kokir Thum,Kokir Thum,0884446153,0972355986,KAN,Kandal,Kandal,AGENT,AGENT,AGENT,11.3343,105.241244,KANA009 | Kokir Thum | 0884446153 | KAN | Kandal | Kien Svay | AGENT
KANA010,Samraong Thum,AGENT,0977300096,Kandal,Kien Svay,Samraong Thum,"Samraong Thum, Kien Svay, Kandal, Cambodia",ACTIVE,KAN,KANA010,Samraong Thum,Samraong Thum,0977300096,0972355986,KAN,Kandal,Kandal,AGENT,AGENT,AGENT,11.398369,105.236634,KANA010 | Samraong Thum | 0977300096 | KAN | Kandal | Kien Svay | AGENT
KANA011,Cheung Kaeub,AGENT,068220872,Kandal,Kandal Stueng,Cheung Kaeub,"Cheung Kaeub, Kandal Stueng, Kandal, Cambodia",ACTIVE,KAN,KANA011,Cheung Kaeub,Cheung Kaeub,068220872,0972355986,KAN,Kandal,Kandal,AGENT,AGENT,AGENT,11.42506,104.875069,KANA011 | Cheung Kaeub | 068220872 | KAN | Kandal | Kandal Stueng | AGENT
KANA012,Dei Ed,AGENT,0316843333,Kandal,Kien Svay,Dei Ed,"Dei Ed, Kien Svay, Kandal, Cambodia",ACTIVE,KAN,KANA012,Dei Ed,Dei Ed,0316843333,0972355986,KAN,Kandal,Kandal,AGENT,AGENT,AGENT,11.493478,105.097377,KANA012 | Dei Ed | 0316843333 | KAN | Kandal | Kien Svay | AGENT
KANA013,Chheu Teal 01,AGENT,0889779949,Kandal,Kien Svay,Chheu Teal 01,"Chheu Teal 01, Kien Svay, Kandal, Cambodia",ACTIVE,KAN,KANA013,Chheu Teal 01,Chheu Teal 01,0889779949,0972355986,KAN,Kandal,Kandal,AGENT,AGENT,AGENT,11.464371,104.977234,KANA013 | Chheu Teal 01 | 0889779949 | KAN | Kandal | Kien Svay | AGENT
KANA014,Chheu Teal 02,AGENT,0884879666,Kandal,Kien Svay,Chheu Teal 02,"Chheu Teal 02, Kien Svay, Kandal, Cambodia",ACTIVE,KAN,KANA014,Chheu Teal 02,Chheu Teal 02,0884879666,0972355986,KAN,Kandal,Kandal,AGENT,AGENT,AGENT,11.468815,105.025253,KANA014 | Chheu Teal 02 | 0884879666 | KAN | Kandal | Kien Svay | AGENT
KANA017,Preaek Anhchanh,AGENT,0974680111,Kandal,Mukh Kampul,Preaek Anhchanh,"Preaek Anhchanh, Mukh Kampul, Kandal, Cambodia",ACTIVE,KAN,KANA017,Preaek Anhchanh,Preaek Anhchanh,0974680111,0972355986,KAN,Kandal,Kandal,AGENT,AGENT,AGENT,11.741298,104.98207,KANA017 | Preaek Anhchanh | 0974680111 | KAN | Kandal | Mukh Kampul | AGENT
KANA018,Roka Kaong Ti Muoy,AGENT,0719695959,Kandal,Kandal Stueng,Roka Kaong Ti Muoy,"Roka Kaong Ti Muoy, Kandal Stueng, Kandal, Cambodia",ACTIVE,KAN,KANA018,Roka Kaong Ti Muoy,Roka Kaong Ti Muoy,0719695959,0972355986,KAN,Kandal,Kandal,AGENT,AGENT,AGENT,11.848625,104.994513,KANA018 | Roka Kaong Ti Muoy | 0719695959 | KAN | Kandal | Kandal Stueng | AGENT
KANA019,Kampong Luong,AGENT,0314000044,Kandal,Ponhea Lueu,Kampong Luong,"Kampong Luong, Ponhea Lueu, Kandal, Cambodia",ACTIVE,KAN,KANA019,Kampong Luong,Kampong Luong,0314000044,0972355986,KAN,Kandal,Kandal,AGENT,AGENT,AGENT,11.819205,104.802207,KANA019 | Kampong Luong | 0314000044 | KAN | Kandal | Ponhea Lueu | AGENT
KANA020,Preaek Koy,AGENT,099903002,Kandal,S'ang,Preaek Koy,"Preaek Koy, S'ang, Kandal, Cambodia",ACTIVE,KAN,KANA020,Preaek Koy,Preaek Koy,099903002,0972355986,KAN,Kandal,Kandal,AGENT,AGENT,AGENT,11.367409,105.004007,KANA020 | Preaek Koy | 099903002 | KAN | Kandal | S'ang | AGENT
KANA021,Preaek Hour 01,AGENT,090369876,Kandal,Ta Khmau,Preaek Hour 01,"Preaek Hour 01, Ta Khmau, Kandal, Cambodia",ACTIVE,KAN,KANA021,Preaek Hour 01,Preaek Hour 01,090369876,0972355986,KAN,Kandal,Kandal,AGENT,AGENT,AGENT,11.456473,104.932033,KANA021 | Preaek Hour 01 | 090369876 | KAN | Kandal | Ta Khmau | AGENT
KANA022,Cheung Kaeub,AGENT,0885777469,Kandal,Kandal Stueng,Cheung Kaeub,"Cheung Kaeub, Kandal Stueng, Kandal, Cambodia",ACTIVE,KAN,KANA022,Cheung Kaeub,Cheung Kaeub,0885777469,0972355986,KAN,Kandal,Kandal,AGENT,AGENT,AGENT,11.439455,104.892452,KANA022 | Cheung Kaeub | 0885777469 | KAN | Kandal | Kandal Stueng | AGENT
KANA023,Preaek Hour 02,AGENT,0716667378,Kandal,Ta Khmau,Preaek Hour 02,"Preaek Hour 02, Ta Khmau, Kandal, Cambodia",ACTIVE,KAN,KANA023,Preaek Hour 02,Preaek Hour 02,0716667378,0972355986,KAN,Kandal,Kandal,AGENT,AGENT,AGENT,11.4466,104.88001,KANA023 | Preaek Hour 02 | 0716667378 | KAN | Kandal | Ta Khmau | AGENT
KANA024,Daeum Rues,AGENT,066441450,Kandal,Kandal Stueng,Daeum Rues,"Daeum Rues, Kandal Stueng, Kandal, Cambodia",ACTIVE,KAN,KANA024,Daeum Rues,Daeum Rues,066441450,0972355986,KAN,Kandal,Kandal,AGENT,AGENT,AGENT,11.418343,104.791698,KANA024 | Daeum Rues | 066441450 | KAN | Kandal | Kandal Stueng | AGENT
KANA026,Traeuy Sla,AGENT,0975529539,Kandal,S'ang,Traeuy Sla,"Traeuy Sla, S'ang, Kandal, Cambodia",ACTIVE,KAN,KANA026,Traeuy Sla,Traeuy Sla,0975529539,0972355986,KAN,Kandal,Kandal,AGENT,AGENT,AGENT,11.319958,105.067528,KANA026 | Traeuy Sla | 0975529539 | KAN | Kandal | S'ang | AGENT
KANA027,Preaek Ruessei,AGENT,0712032211,Kandal,Lvea Aem,Preaek Ruessei,"Preaek Ruessei, Lvea Aem, Kandal, Cambodia",ACTIVE,KAN,KANA027,Preaek Ruessei,Preaek Ruessei,0712032211,0972355986,KAN,Kandal,Kandal,AGENT,AGENT,AGENT,11.470329,104.936806,KANA027 | Preaek Ruessei | 0712032211 | KAN | Kandal | Lvea Aem | AGENT
KANA028,Siem Reab,AGENT,0312481818,Kandal,Kandal Stueng,Siem Reab,"Siem Reab, Kandal Stueng, Kandal, Cambodia",ACTIVE,KAN,KANA028,Siem Reab,Siem Reab,0312481818,0972355986,KAN,Kandal,Kandal,AGENT,AGENT,AGENT,11.389382,104.863461,KANA028 | Siem Reab | 0312481818 | KAN | Kandal | Kandal Stueng | AGENT
KANA029,Kampong Samnanh,AGENT,060587879,Kandal,Ta Khmau,Kampong Samnanh,"Kampong Samnanh, Ta Khmau, Kandal, Cambodia",ACTIVE,KAN,KANA029,Kampong Samnanh,Kampong Samnanh,060587879,0972355986,KAN,Kandal,Kandal,AGENT,AGENT,AGENT,11.460466,104.942209,KANA029 | Kampong Samnanh | 060587879 | KAN | Kandal | Ta Khmau | AGENT
KANA031,Preaek Ta Meak,AGENT,0975428202,Kandal,Khsach Kandal,Preaek Ta Meak,"Preaek Ta Meak, Khsach Kandal, Kandal, Cambodia",ACTIVE,KAN,KANA031,Preaek Ta Meak,Preaek Ta Meak,0975428202,0972355986,KAN,Kandal,Kandal,AGENT,AGENT,AGENT,11.749088,105.011697,KANA031 | Preaek Ta Meak | 0975428202 | KAN | Kandal | Khsach Kandal | AGENT
KANA033,Preaek Rey,AGENT,0716404444,Kandal,Lvea Aem,Preaek Rey,"Preaek Rey, Lvea Aem, Kandal, Cambodia",ACTIVE,KAN,KANA033,Preaek Rey,Preaek Rey,0716404444,0972355986,KAN,Kandal,Kandal,AGENT,AGENT,AGENT,11.528229,105.14387,KANA033 | Preaek Rey | 0716404444 | KAN | Kandal | Lvea Aem | AGENT
KANA034,Roka Khpuos,AGENT,066988835,Kandal,Kandal Stueng,Roka Khpuos,"Roka Khpuos, Kandal Stueng, Kandal, Cambodia",ACTIVE,KAN,KANA034,Roka Khpuos,Roka Khpuos,066988835,0972355986,KAN,Kandal,Kandal,AGENT,AGENT,AGENT,11.420457,104.983317,KANA034 | Roka Khpuos | 066988835 | KAN | Kandal | Kandal Stueng | AGENT
KANA036,Sambuor Meas,AGENT,0886896222,Kandal,Lvea Aem,Sambuor Meas,"Sambuor Meas, Lvea Aem, Kandal, Cambodia",ACTIVE,KAN,KANA036,Sambuor Meas,Sambuor Meas,0886896222,0972355986,KAN,Kandal,Kandal,AGENT,AGENT,AGENT,11.667183,104.866842,KANA036 | Sambuor Meas | 0886896222 | KAN | Kandal | Lvea Aem | AGENT
KANA037,Sambuor,AGENT,0978760303,Kandal,Lvea Aem,Sambuor,"Sambuor, Lvea Aem, Kandal, Cambodia",ACTIVE,KAN,KANA037,Sambuor,Sambuor,0978760303,0972355986,KAN,Kandal,Kandal,AGENT,AGENT,AGENT,11.47773,105.162037,KANA037 | Sambuor | 0978760303 | KAN | Kandal | Lvea Aem | AGENT
KANA038,Preaek Ruessei,AGENT,068282262,Kandal,Lvea Aem,Preaek Ruessei,"Preaek Ruessei, Lvea Aem, Kandal, Cambodia",ACTIVE,KAN,KANA038,Preaek Ruessei,Preaek Ruessei,068282262,0972355986,KAN,Kandal,Kandal,AGENT,AGENT,AGENT,11.4686,105.209882,KANA038 | Preaek Ruessei | 068282262 | KAN | Kandal | Lvea Aem | AGENT
KANA039,Chheu Khmau,AGENT,068688885,Kandal,Ta Khmau,Chheu Khmau,"Chheu Khmau, Ta Khmau, Kandal, Cambodia",ACTIVE,KAN,KANA039,Chheu Khmau,Chheu Khmau,068688885,0972355986,KAN,Kandal,Kandal,AGENT,AGENT,AGENT,11.048601,105.077687,KANA039 | Chheu Khmau | 068688885 | KAN | Kandal | Ta Khmau | AGENT
KANA040,Sampov Pun 02,AGENT,0885852222,Kandal,Ta Khmau,Sampov Pun 02,"Sampov Pun 02, Ta Khmau, Kandal, Cambodia",ACTIVE,KAN,KANA040,Sampov Pun 02,Sampov Pun 02,0885852222,0972355986,KAN,Kandal,Kandal,AGENT,AGENT,AGENT,10.954919,105.07873,KANA040 | Sampov Pun 02 | 0885852222 | KAN | Kandal | Ta Khmau | AGENT
KANA041,Leuk Daek,AGENT,0887000585,Kandal,Kaoh Thum,Leuk Daek,"Leuk Daek, Kaoh Thum, Kandal, Cambodia",ACTIVE,KAN,KANA041,Leuk Daek,Leuk Daek,0887000585,0972355986,KAN,Kandal,Kandal,AGENT,AGENT,AGENT,11.130317,105.130143,KANA041 | Leuk Daek | 0887000585 | KAN | Kandal | Kaoh Thum | AGENT
KANA042,Pou Ban 02,AGENT,066350114,Kandal,Ta Khmau,Pou Ban 02,"Pou Ban 02, Ta Khmau, Kandal, Cambodia",ACTIVE,KAN,KANA042,Pou Ban 02,Pou Ban 02,066350114,0972355986,KAN,Kandal,Kandal,AGENT,AGENT,AGENT,11.182247,104.074302,KANA042 | Pou Ban 02 | 066350114 | KAN | Kandal | Ta Khmau | AGENT
KANA043,Puk Ruessei,AGENT,0978333874,Kandal,Khsach Kandal,Puk Ruessei,"Puk Ruessei, Khsach Kandal, Kandal, Cambodia",ACTIVE,KAN,KANA043,Puk Ruessei,Puk Ruessei,0978333874,0972355986,KAN,Kandal,Kandal,AGENT,AGENT,AGENT,11.684915,104.968129,KANA043 | Puk Ruessei | 0978333874 | KAN | Kandal | Khsach Kandal | AGENT
KANA044,Svay Romiet 01,AGENT,0718044433,Kandal,Khsach Kandal,Svay Romiet 01,"Svay Romiet 01, Khsach Kandal, Kandal, Cambodia",ACTIVE,KAN,KANA044,Svay Romiet 01,Svay Romiet 01,0718044433,0972355986,KAN,Kandal,Kandal,AGENT,AGENT,AGENT,11.795103,105.015382,KANA044 | Svay Romiet 01 | 0718044433 | KAN | Kandal | Khsach Kandal | AGENT
KANA045,Svay Romiet 02,AGENT,068401902,Kandal,Khsach Kandal,Svay Romiet 02,"Svay Romiet 02, Khsach Kandal, Kandal, Cambodia",ACTIVE,KAN,KANA045,Svay Romiet 02,Svay Romiet 02,068401902,0972355986,KAN,Kandal,Kandal,AGENT,AGENT,AGENT,11.8122,105.038624,KANA045 | Svay Romiet 02 | 068401902 | KAN | Kandal | Khsach Kandal | AGENT
KANA046,Prek Krabao Ti 2,AGENT,066666017,Kandal,Ta Khmau,Prek Krabao Ti 2,"Prek Krabao Ti 2, Ta Khmau, Kandal, Cambodia",ACTIVE,KAN,KANA046,Prek Krabao Ti 2,Prek Krabao Ti 2,066666017,0972355986,KAN,Kandal,Kandal,AGENT,AGENT,AGENT,11.66011,104.964049,KANA046 | Prek Krabao Ti 2 | 066666017 | KAN | Kandal | Ta Khmau | AGENT
KANA049,Roka,AGENT,0885777469,Kandal,Kandal Stueng,Roka,"Roka, Kandal Stueng, Kandal, Cambodia",ACTIVE,KAN,KANA049,Roka,Roka,0885777469,0972355986,KAN,Kandal,Kandal,AGENT,AGENT,AGENT,11.451665,104.720281,KANA049 | Roka | 0885777469 | KAN | Kandal | Kandal Stueng | AGENT
KANA066,Wat Prek Ampil,AGENT,010274262,Kandal,Ta Khmau,Wat Prek Ampil,"Wat Prek Ampil, Ta Khmau, Kandal, Cambodia",ACTIVE,KAN,KANA066,Wat Prek Ampil,Wat Prek Ampil,010274262,0972355986,KAN,Kandal,Kandal,AGENT,AGENT,AGENT,11.647094,104.957062,KANA066 | Wat Prek Ampil | 010274262 | KAN | Kandal | Ta Khmau | AGENT
KANA077,Beuong khyeang,AGENT,0977840033,Kandal,Ta Khmau,Beuong khyeang,"Beuong khyeang, Ta Khmau, Kandal, Cambodia",ACTIVE,KAN,KANA077,Beuong khyeang,Beuong khyeang,0977840033,0972355986,KAN,Kandal,Kandal,AGENT,AGENT,AGENT,11.3613557,104.8681012,KANA077 | Beuong khyeang | 0977840033 | KAN | Kandal | Ta Khmau | AGENT
KANP001,Ta Khmau,POST,0972355986,Kandal,Ta Khmau,Ta Khmau,"Ta Khmau, Ta Khmau, Kandal, Cambodia",ACTIVE,KAN,KANP001,Ta Khmau,Ta Khmau,0972355986,0972355986,KAN,Kandal,Kandal,POST,POST,POST,11.4777335,104.9487032,KANP001 | Ta Khmau | 0972355986 | KAN | Kandal | Ta Khmau | POST
KANS001,Ta Khmao,POST,0262580,Kandal,Ta Khmau,Ta Khmao,"Ta Khmao, Ta Khmau, Kandal, Cambodia",ACTIVE,KAN,KANS001,Ta Khmao,Ta Khmao,0262580,0972355986,KAN,Kandal,Kandal,POST,POST,POST,11.473225,104.94918,KANS001 | Ta Khmao | 0262580 | KAN | Kandal | Ta Khmau | POST
KANS002,Kokir,POST,0836419,Kandal,Kien Svay,Kokir,"Kokir, Kien Svay, Kandal, Cambodia",ACTIVE,KAN,KANS002,Kokir,Kokir,0836419,0972355986,KAN,Kandal,Kandal,POST,POST,POST,11.511094,105.048311,KANS002 | Kokir | 0836419 | KAN | Kandal | Kien Svay | POST
KANS003,Preaek Thmei,POST,066350114,Kandal,Kandal Stueng,Preaek Thmei,"Preaek Thmei, Kandal Stueng, Kandal, Cambodia",ACTIVE,KAN,KANS003,Preaek Thmei,Preaek Thmei,066350114,0972355986,KAN,Kandal,Kandal,POST,POST,POST,11.133705,105.057119,KANS003 | Preaek Thmei | 066350114 | KAN | Kandal | Kandal Stueng | POST
KANS004,Preaek Anhchanh,POST,0710500,Kandal,Mukh Kampul,Preaek Anhchanh,"Preaek Anhchanh, Mukh Kampul, Kandal, Cambodia",ACTIVE,KAN,KANS004,Preaek Anhchanh,Preaek Anhchanh,0710500,0972355986,KAN,Kandal,Kandal,POST,POST,POST,11.738,104.9776,KANS004 | Preaek Anhchanh | 0710500 | KAN | Kandal | Mukh Kampul | POST
KANS005,Baek Chan,POST,0813876,Kandal,Angk Snuol,Baek Chan,"Baek Chan, Angk Snuol, Kandal, Cambodia",ACTIVE,KAN,KANS005,Baek Chan,Baek Chan,0813876,0972355986,KAN,Kandal,Kandal,POST,POST,POST,11.509273,104.741863,KANS005 | Baek Chan | 0813876 | KAN | Kandal | Angk Snuol | POST
KEPA001,Ou Krasar,AGENT,0889126653,Kep,Kaeb,Ou Krasar,"Ou Krasar, Kaeb, Kep, Cambodia",ACTIVE,KEP,KEPA001,Ou Krasar,Ou Krasar,0889126653,0979758982,KEP,Kep,Kep,AGENT,AGENT,AGENT,10.55536,104.2883,KEPA001 | Ou Krasar | 0889126653 | KEP | Kep | Kaeb | AGENT
KEPA002,Damnak Chang Aeur,AGENT,067872737,Kep,Kep,Damnak Chang Aeur,"Damnak Chang Aeur, Kep, Kep, Cambodia",ACTIVE,KEP,KEPA002,Damnak Chang Aeur,Damnak Chang Aeur,067872737,0979758982,KEP,Kep,Kep,AGENT,AGENT,AGENT,10.576537,104.390497,KEPA002 | Damnak Chang Aeur | 067872737 | KEP | Kep | Kep | AGENT
DVCZ5,Vehicle Team Z5,SHIPPER,0975942942,Koh Kong,Khemarak Phoumin,Vehicle Team Z5,"Vehicle Team Z5, Khemarak Phoumin, Koh Kong, Cambodia",ACTIVE,KOH,DVCZ5,Vehicle Team Z5,Vehicle Team Z5,0975942942,0975942942,KOH,Koh Kong,Koh Kong,SHIPPER,SHIPPER,SHIPPER,,,DVCZ5 | Vehicle Team Z5 | 0975942942 | KOH | Koh Kong | Khemarak Phoumin | SHIPPER
KOHA001,Dang Tung,AGENT,0973415168,Koh Kong,Khemarak Phoumin,Dang Tung,"Dang Tung, Khemarak Phoumin, Koh Kong, Cambodia",ACTIVE,KOH,KOHA001,Dang Tung,Dang Tung,0973415168,0975942942,KOH,Koh Kong,Koh Kong,AGENT,AGENT,AGENT,11.595865,102.979171,KOHA001 | Dang Tung | 0973415168 | KOH | Koh Kong | Khemarak Phoumin | AGENT
KOHA002,Trapeang Rung,AGENT,068645654,Koh Kong,Kaoh Kong,Trapeang Rung,"Trapeang Rung, Kaoh Kong, Koh Kong, Cambodia",ACTIVE,KOH,KOHA002,Trapeang Rung,Trapeang Rung,068645654,0975942942,KOH,Koh Kong,Koh Kong,AGENT,AGENT,AGENT,11.379754,103.257654,KOHA002 | Trapeang Rung | 068645654 | KOH | Koh Kong | Kaoh Kong | AGENT
KOHA003,Andoung Tuek,AGENT,068848687,Koh Kong,Botum Sakor,Andoung Tuek,"Andoung Tuek, Botum Sakor, Koh Kong, Cambodia",ACTIVE,KOH,KOHA003,Andoung Tuek,Andoung Tuek,068848687,0975942942,KOH,Koh Kong,Koh Kong,AGENT,AGENT,AGENT,11.18609,103.468786,KOHA003 | Andoung Tuek | 068848687 | KOH | Koh Kong | Botum Sakor | AGENT
KOHA004,Dang Tung 02,AGENT,0718099992,Koh Kong,Khemarak Phoumin,Dang Tung 02,"Dang Tung 02, Khemarak Phoumin, Koh Kong, Cambodia",ACTIVE,KOH,KOHA004,Dang Tung 02,Dang Tung 02,0718099992,0975942942,KOH,Koh Kong,Koh Kong,AGENT,AGENT,AGENT,11.608304,102.982362,KOHA004 | Dang Tung 02 | 0718099992 | KOH | Koh Kong | Khemarak Phoumin | AGENT
KOHA005,Srae Ambel,AGENT,0716668661,Koh Kong,Srae Ambel,Srae Ambel,"Srae Ambel, Srae Ambel, Koh Kong, Cambodia",ACTIVE,KOH,KOHA005,Srae Ambel,Srae Ambel,0716668661,0975942942,KOH,Koh Kong,Koh Kong,AGENT,AGENT,AGENT,11.1860333,103.4687297,KOHA005 | Srae Ambel | 0716668661 | KOH | Koh Kong | Srae Ambel | AGENT
KOHA006,Srae Ambel,AGENT,0975375352,Koh Kong,Srae Ambel,Srae Ambel,"Srae Ambel, Srae Ambel, Koh Kong, Cambodia",ACTIVE,KOH,KOHA006,Srae Ambel,Srae Ambel,0975375352,0975942942,KOH,Koh Kong,Koh Kong,AGENT,AGENT,AGENT,11.122887,103.745922,KOHA006 | Srae Ambel | 0975375352 | KOH | Koh Kong | Srae Ambel | AGENT
KOHA007,Phnhi Meas,AGENT,0312226422,Koh Kong,Kiri Sakor,Phnhi Meas,"Phnhi Meas, Kiri Sakor, Koh Kong, Cambodia",ACTIVE,KOH,KOHA007,Phnhi Meas,Phnhi Meas,0312226422,0975942942,KOH,Koh Kong,Koh Kong,AGENT,AGENT,AGENT,10.990343,103.2221,KOHA007 | Phnhi Meas | 0312226422 | KOH | Koh Kong | Kiri Sakor | AGENT
KOHA008,Pak Khlang,AGENT,0717330666,Koh Kong,Mondol Seima,Pak Khlang,"Pak Khlang, Mondol Seima, Koh Kong, Cambodia",ACTIVE,KOH,KOHA008,Pak Khlang,Pak Khlang,0717330666,0975942942,KOH,Koh Kong,Koh Kong,AGENT,AGENT,AGENT,11.642346,102.922879,KOHA008 | Pak Khlang | 0717330666 | KOH | Koh Kong | Mondol Seima | AGENT
KOHA009,Ruessei Chrum,AGENT,0973440505,Koh Kong,Thma Bang,Ruessei Chrum,"Ruessei Chrum, Thma Bang, Koh Kong, Cambodia",ACTIVE,KOH,KOHA009,Ruessei Chrum,Ruessei Chrum,0973440505,0975942942,KOH,Koh Kong,Koh Kong,AGENT,AGENT,AGENT,11.683293,103.44224,KOHA009 | Ruessei Chrum | 0973440505 | KOH | Koh Kong | Thma Bang | AGENT
KOHA010,Smach Mean Chey,AGENT,0715443366,Koh Kong,Khemara Phoumin,Smach Mean Chey,"Smach Mean Chey, Khemara Phoumin, Koh Kong, Cambodia",ACTIVE,KOH,KOHA010,Smach Mean Chey,Smach Mean Chey,0715443366,0975942942,KOH,Koh Kong,Koh Kong,AGENT,AGENT,AGENT,11.61593,102.98466,KOHA010 | Smach Mean Chey | 0715443366 | KOH | Koh Kong | Khemara Phoumin | AGENT
KOHA011,Kong deab,AGENT,068845698,Koh Kong,Khemarak Phoumin,Kong deab,"Kong deab, Khemarak Phoumin, Koh Kong, Cambodia",ACTIVE,KOH,KOHA011,Kong deab,Kong deab,068845698,0975942942,KOH,Koh Kong,Koh Kong,AGENT,AGENT,AGENT,,,KOHA011 | Kong deab | 068845698 | KOH | Koh Kong | Khemarak Phoumin | AGENT
KOHA012,Cham Yeam,AGENT,0319993899,Koh Kong,Khemarak Phoumin,Cham Yeam,"Cham Yeam, Khemarak Phoumin, Koh Kong, Cambodia",ACTIVE,KOH,KOHA012,Cham Yeam,Cham Yeam,0319993899,0975942942,KOH,Koh Kong,Koh Kong,AGENT,AGENT,AGENT,11.383526,102.5550684,KOHA012 | Cham Yeam | 0319993899 | KOH | Koh Kong | Khemarak Phoumin | AGENT
KOHP001,Khemmeakrakphumin,POST,0975942942,Koh Kong,Khemarak Phoumin,Khemmeakrakphumin,"Khemmeakrakphumin, Khemarak Phoumin, Koh Kong, Cambodia",ACTIVE,KOH,KOHP001,Khemmeakrakphumin,Khemmeakrakphumin,0975942942,0975942942,KOH,Koh Kong,Koh Kong,POST,POST,POST,11.61075,102.978804,KOHP001 | Khemmeakrakphumin | 0975942942 | KOH | Koh Kong | Khemarak Phoumin | POST
KOHS001,Smach Mean Chey,POST,0972920124,Koh Kong,Khemara Phoumin,Smach Mean Chey,"Smach Mean Chey, Khemara Phoumin, Koh Kong, Cambodia",ACTIVE,KOH,KOHS001,Smach Mean Chey,Smach Mean Chey,0972920124,0975942942,KOH,Koh Kong,Koh Kong,POST,POST,POST,11.6154,102.98474,KOHS001 | Smach Mean Chey | 0972920124 | KOH | Koh Kong | Khemara Phoumin | POST
HUBKRA01,Hub vùng HUBKRA01,WAREHOUSE,0979984684,Kratie,Kratie,Hub vùng HUBKRA01,"Hub vùng HUBKRA01, Kratie, Kratie, Cambodia",INACTIVE,KRA,HUBKRA01,Hub vùng HUBKRA01,Hub vùng HUBKRA01,0979984684,0979984684,KRA,Kratie,Kratie,WAREHOUSE,WAREHOUSE,WAREHOUSE,11.600572823206011,105.70856773843626,HUBKRA01 | Hub vùng HUBKRA01 | 0979984684 | KRA | Kratie | Kratie | WAREHOUSE
HZ5P01,Head office Z5,DEPARTMENT,0979984684,Kratie,Kratie,Head office Z5,"Head office Z5, Kratie, Kratie, Cambodia",ACTIVE,KRA,HZ5P01,Head office Z5,Head office Z5,0979984684,0979984684,KRA,Kratie,Kratie,DEPARTMENT,DEPARTMENT,DEPARTMENT,,,HZ5P01 | Head office Z5 | 0979984684 | KRA | Kratie | Kratie | DEPARTMENT
KRAA001,Sambok,AGENT,0972626765,Kratie,Chetr Borei,Sambok,"Sambok, Chetr Borei, Kratie, Cambodia",ACTIVE,KRA,KRAA001,Sambok,Sambok,0972626765,0979984684,KRA,Kratie,Kratie,AGENT,AGENT,AGENT,12.5903,106.0265,KRAA001 | Sambok | 0972626765 | KRA | Kratie | Chetr Borei | AGENT
KRAA003,Chhloung,AGENT,0976111877,Kratie,Chhloung,Chhloung,"Chhloung, Chhloung, Kratie, Cambodia",ACTIVE,KRA,KRAA003,Chhloung,Chhloung,0976111877,0979984684,KRA,Kratie,Kratie,AGENT,AGENT,AGENT,12.252597,105.977067,KRAA003 | Chhloung | 0976111877 | KRA | Kratie | Chhloung | AGENT
KRAA004,Kbal Damrei,AGENT,0882720200,Kratie,Or Krieng Saenchay,Kbal Damrei,"Kbal Damrei, Or Krieng Saenchay, Kratie, Cambodia",ACTIVE,KRA,KRAA004,Kbal Damrei,Kbal Damrei,0882720200,0979984684,KRA,Kratie,Kratie,AGENT,AGENT,AGENT,12.86919,106.198153,KRAA004 | Kbal Damrei | 0882720200 | KRA | Kratie | Or Krieng Saenchay | AGENT
KRAA005,Svay Chreah,AGENT,090440206,Kratie,Snuol,Svay Chreah,"Svay Chreah, Snuol, Kratie, Cambodia",ACTIVE,KRA,KRAA005,Svay Chreah,Svay Chreah,090440206,0979984684,KRA,Kratie,Kratie,AGENT,AGENT,AGENT,12.320298,106.324222,KRAA005 | Svay Chreah | 090440206 | KRA | Kratie | Snuol | AGENT
KRAA006,Kranhung Saen Chey,AGENT,0884939990,Kratie,Kratie,Kranhung Saen Chey,"Kranhung Saen Chey, Kratie, Kratie, Cambodia",ACTIVE,KRA,KRAA006,Kranhung Saen Chey,Kranhung Saen Chey,0884939990,0979984684,KRA,Kratie,Kratie,AGENT,AGENT,AGENT,12.129537,106.653759,KRAA006 | Kranhung Saen Chey | 0884939990 | KRA | Kratie | Kratie | AGENT
KRAA007,Ou Krieng,AGENT,068636161,Kratie,Or Krieng Saenchay,Ou Krieng,"Ou Krieng, Or Krieng Saenchay, Kratie, Cambodia",ACTIVE,KRA,KRAA007,Ou Krieng,Ou Krieng,068636161,0979984684,KRA,Kratie,Kratie,AGENT,AGENT,AGENT,13.043829,106.180606,KRAA007 | Ou Krieng | 068636161 | KRA | Kratie | Or Krieng Saenchay | AGENT
KRAA008,Sambour,AGENT,0886676766,Kratie,Sambour,Sambour,"Sambour, Sambour, Kratie, Cambodia",ACTIVE,KRA,KRAA008,Sambour,Sambour,0886676766,0979984684,KRA,Kratie,Kratie,AGENT,AGENT,AGENT,12.776424,105.964835,KRAA008 | Sambour | 0886676766 | KRA | Kratie | Sambour | AGENT
KRAA009,Sandan,AGENT,0314946555,Kratie,Sambour,Sandan,"Sandan, Sambour, Kratie, Cambodia",ACTIVE,KRA,KRAA009,Sandan,Sandan,0314946555,0979984684,KRA,Kratie,Kratie,AGENT,AGENT,AGENT,12.689547,106.021083,KRAA009 | Sandan | 0314946555 | KRA | Kratie | Sambour | AGENT
KRAA010,Chambak,AGENT,0882220686,Kratie,Kratie,Chambak,"Chambak, Kratie, Kratie, Cambodia",ACTIVE,KRA,KRAA010,Chambak,Chambak,0882220686,0979984684,KRA,Kratie,Kratie,AGENT,AGENT,AGENT,12.278305,105.801464,KRAA010 | Chambak | 0882220686 | KRA | Kratie | Kratie | AGENT
KRAA012,Kanhchor,AGENT,068522577,Kratie,Chhloung,Kanhchor,"Kanhchor, Chhloung, Kratie, Cambodia",ACTIVE,KRA,KRAA012,Kanhchor,Kanhchor,068522577,0979984684,KRA,Kratie,Kratie,AGENT,AGENT,AGENT,12.33255,106.052751,KRAA012 | Kanhchor | 068522577 | KRA | Kratie | Chhloung | AGENT
KRAP001,Kracheh,POST,0979984684,Kratie,Kracheh,Kracheh,"Kracheh, Kracheh, Kratie, Cambodia",ACTIVE,KRA,KRAP001,Kracheh,Kracheh,0979984684,0979984684,KRA,Kratie,Kratie,POST,POST,POST,12.482385,106.020364,KRAP001 | Kracheh | 0979984684 | KRA | Kratie | Kracheh | POST
KRAS001,Kracheh,POST,0719997744,Kratie,Kracheh,Kracheh,"Kracheh, Kracheh, Kratie, Cambodia",ACTIVE,KRA,KRAS001,Kracheh,Kracheh,0719997744,0979984684,KRA,Kratie,Kratie,POST,POST,POST,12.4896,106.016,KRAS001 | Kracheh | 0719997744 | KRA | Kratie | Kracheh | POST
KRAS002,Snuol,POST,0717370643,Kratie,Snuol,Snuol,"Snuol, Snuol, Kratie, Cambodia",ACTIVE,KRA,KRAS002,Snuol,Snuol,0717370643,0979984684,KRA,Kratie,Kratie,POST,POST,POST,12.0746,106.4211,KRAS002 | Snuol | 0717370643 | KRA | Kratie | Snuol | POST
KRAS003,Chhloung,POST,0719778997,Kratie,Chhloung,Chhloung,"Chhloung, Chhloung, Kratie, Cambodia",ACTIVE,KRA,KRAS003,Chhloung,Chhloung,0719778997,0979984684,KRA,Kratie,Kratie,POST,POST,POST,12.2569,105.9602,KRAS003 | Chhloung | 0719778997 | KRA | Kratie | Chhloung | POST
KRAS004,Sambour,POST,0976969537,Kratie,Sambour,Sambour,"Sambour, Sambour, Kratie, Cambodia",ACTIVE,KRA,KRAS004,Sambour,Sambour,0976969537,0979984684,KRA,Kratie,Kratie,POST,POST,POST,12.774535,105.964866,KRAS004 | Sambour | 0976969537 | KRA | Kratie | Sambour | POST
KRAS005,Preaek Prasab,POST,0977637301,Kratie,Prek Prasab,Preaek Prasab,"Preaek Prasab, Prek Prasab, Kratie, Cambodia",ACTIVE,KRA,KRAS005,Preaek Prasab,Preaek Prasab,0977637301,0979984684,KRA,Kratie,Kratie,POST,POST,POST,12.35199,106.03661,KRAS005 | Preaek Prasab | 0977637301 | KRA | Kratie | Prek Prasab | POST
KVKRA01,Kho vùng KRATIE,WAREHOUSE,0979984684,Kratie,Kratie,Kho vùng KRATIE,"Kho vùng KRATIE, Kratie, Kratie, Cambodia",ACTIVE,KRA,KVKRA01,Kho vùng KRATIE,Kho vùng KRATIE,0979984684,0979984684,KRA,Kratie,Kratie,WAREHOUSE,WAREHOUSE,WAREHOUSE,,,KVKRA01 | Kho vùng KRATIE | 0979984684 | KRA | Kratie | Kratie | WAREHOUSE
DVCMEGA1,MEGA transport team,SHIPPER,,MEGA HUB,Battambang,MEGA transport team,"MEGA transport team, Battambang, MEGA HUB, Cambodia",ACTIVE,MEGA,DVCMEGA1,MEGA transport team,MEGA transport team,,0886479090,MEGA,MEGA HUB,MEGA HUB,SHIPPER,SHIPPER,SHIPPER,11.63907,104.85378,DVCMEGA1 | MEGA transport team | MEGA | MEGA HUB | Battambang | SHIPPER
MEGA1,MEGA1,OPERATIONS_CENTER,030005,MEGA HUB,Battambang,MEGA1,"MEGA1, Battambang, MEGA HUB, Cambodia",ACTIVE,MEGA,MEGA1,MEGA1,MEGA1,030005,0886479090,MEGA,MEGA HUB,MEGA HUB,OPERATIONS_CENTER,OPERATIONS_CENTER,OPERATIONS_CENTER,11.631082846238561,104.85548753809898,MEGA1 | MEGA1 | 030005 | MEGA | MEGA HUB | Battambang | OPERATIONS_CENTER
HEADP01,Head Office Center,DEPARTMENT,,Metfone Express HQ,Battambang,Head Office Center,"Head Office Center, Battambang, Metfone Express HQ, Cambodia",ACTIVE,MFEHQ,HEADP01,Head Office Center,Head Office Center,,0886479090,MFEHQ,Metfone Express HQ,Metfone Express HQ,DEPARTMENT,DEPARTMENT,DEPARTMENT,,,HEADP01 | Head Office Center | MFEHQ | Metfone Express HQ | Battambang | DEPARTMENT
TN3,Thử nghiệm 3-TTCNTT BAT,AGENT,,Metfone Express HQ,Battambang,Thử nghiệm 3-TTCNTT BAT,"Thử nghiệm 3-TTCNTT BAT, Battambang, Metfone Express HQ, Cambodia",INACTIVE,MFEHQ,TN3,Thử nghiệm 3-TTCNTT BAT,Thử nghiệm 3-TTCNTT BAT,,0886479090,MFEHQ,Metfone Express HQ,Metfone Express HQ,AGENT,AGENT,AGENT,,,TN3 | Thử nghiệm 3-TTCNTT BAT | MFEHQ | Metfone Express HQ | Battambang | AGENT
MONA001,Chong Phlah,AGENT,0979312777,Mondul Kiri,Kaev Seima,Chong Phlah,"Chong Phlah, Kaev Seima, Mondul Kiri, Cambodia",ACTIVE,MON,MONA001,Chong Phlah,Chong Phlah,0979312777,0716696816,MON,Mondul Kiri,Mondul Kiri,AGENT,AGENT,AGENT,12.614578,106.876878,MONA001 | Chong Phlah | 0979312777 | MON | Mondul Kiri | Kaev Seima | AGENT
MONA002,Dak Dam,AGENT,0717557043,Mondul Kiri,Ou Reang,Dak Dam,"Dak Dam, Ou Reang, Mondul Kiri, Cambodia",ACTIVE,MON,MONA002,Dak Dam,Dak Dam,0717557043,0716696816,MON,Mondul Kiri,Mondul Kiri,AGENT,AGENT,AGENT,12.423385,107.312825,MONA002 | Dak Dam | 0717557043 | MON | Mondul Kiri | Ou Reang | AGENT
MONA003,Srae Sangkum,AGENT,0977076136,Mondul Kiri,Kaoh Nheaek,Srae Sangkum,"Srae Sangkum, Kaoh Nheaek, Mondul Kiri, Cambodia",ACTIVE,MON,MONA003,Srae Sangkum,Srae Sangkum,0977076136,0716696816,MON,Mondul Kiri,Mondul Kiri,AGENT,AGENT,AGENT,13.075742,107.044095,MONA003 | Srae Sangkum | 0977076136 | MON | Mondul Kiri | Kaoh Nheaek | AGENT
MONA004,Bu Sra,AGENT,0976417077,Mondul Kiri,Pech Chreada,Bu Sra,"Bu Sra, Pech Chreada, Mondul Kiri, Cambodia",ACTIVE,MON,MONA004,Bu Sra,Bu Sra,0976417077,0716696816,MON,Mondul Kiri,Mondul Kiri,AGENT,AGENT,AGENT,12.541149,107.431679,MONA004 | Bu Sra | 0976417077 | MON | Mondul Kiri | Pech Chreada | AGENT
MONA005,Pu Chrey,AGENT,0882727972,Mondul Kiri,Pech Chreada,Pu Chrey,"Pu Chrey, Pech Chreada, Mondul Kiri, Cambodia",ACTIVE,MON,MONA005,Pu Chrey,Pu Chrey,0882727972,0716696816,MON,Mondul Kiri,Mondul Kiri,AGENT,AGENT,AGENT,12.684758,107.218298,MONA005 | Pu Chrey | 0882727972 | MON | Mondul Kiri | Pech Chreada | AGENT
MONA006,Srae Ampum,AGENT,066924904,Mondul Kiri,Pech Chreada,Srae Ampum,"Srae Ampum, Pech Chreada, Mondul Kiri, Cambodia",ACTIVE,MON,MONA006,Srae Ampum,Srae Ampum,066924904,0716696816,MON,Mondul Kiri,Mondul Kiri,AGENT,AGENT,AGENT,12.541868,107.337129,MONA006 | Srae Ampum | 066924904 | MON | Mondul Kiri | Pech Chreada | AGENT
MONA007,Srae Khtum,AGENT,0714598999,Mondul Kiri,Kaev Seima,Srae Khtum,"Srae Khtum, Kaev Seima, Mondul Kiri, Cambodia",ACTIVE,MON,MONA007,Srae Khtum,Srae Khtum,0714598999,0716696816,MON,Mondul Kiri,Mondul Kiri,AGENT,AGENT,AGENT,12.112262,106.886145,MONA007 | Srae Khtum | 0714598999 | MON | Mondul Kiri | Kaev Seima | AGENT
MONA008,Srae Chhuk,AGENT,0712300008,Mondul Kiri,Kaev Seima,Srae Chhuk,"Srae Chhuk, Kaev Seima, Mondul Kiri, Cambodia",ACTIVE,MON,MONA008,Srae Chhuk,Srae Chhuk,0712300008,0716696816,MON,Mondul Kiri,Mondul Kiri,AGENT,AGENT,AGENT,12.139465,106.718123,MONA008 | Srae Chhuk | 0712300008 | MON | Mondul Kiri | Kaev Seima | AGENT
MONA009,ME MONG,AGENT,0972335985,Mondul Kiri,Senmonorom,ME MONG,"ME MONG, Senmonorom, Mondul Kiri, Cambodia",ACTIVE,MON,MONA009,ME MONG,ME MONG,0972335985,0716696816,MON,Mondul Kiri,Mondul Kiri,AGENT,AGENT,AGENT,12.590081,106.926802,MONA009 | ME MONG | 0972335985 | MON | Mondul Kiri | Senmonorom | AGENT
MONP001,Saen Meaknourum,POST,0716696816,Mondul Kiri,Senmonorom,Saen Meaknourum,"Saen Meaknourum, Senmonorom, Mondul Kiri, Cambodia",ACTIVE,MON,MONP001,Saen Meaknourum,Saen Meaknourum,0716696816,0716696816,MON,Mondul Kiri,Mondul Kiri,POST,POST,POST,12.457818,107.187645,MONP001 | Saen Meaknourum | 0716696816 | MON | Mondul Kiri | Senmonorom | POST
MONS001,Spean Mean Chey,POST,0889604994,Mondul Kiri,Saen Monourom,Spean Mean Chey,"Spean Mean Chey, Saen Monourom, Mondul Kiri, Cambodia",ACTIVE,MON,MONS001,Spean Mean Chey,Spean Mean Chey,0889604994,0716696816,MON,Mondul Kiri,Mondul Kiri,POST,POST,POST,12.454312,107.187197,MONS001 | Spean Mean Chey | 0889604994 | MON | Mondul Kiri | Saen Monourom | POST
ODDA001,Anlung Veaeng 01,AGENT,0886855656,Oddar Meanchey,Samraong,Anlung Veaeng 01,"Anlung Veaeng 01, Samraong, Oddar Meanchey, Cambodia",ACTIVE,ODD,ODDA001,Anlung Veaeng 01,Anlung Veaeng 01,0886855656,0979520168,ODD,Otdar Meanchey,Otdar Meanchey,AGENT,AGENT,AGENT,14.08214,104.095182,ODDA001 | Anlung Veaeng 01 | 0886855656 | ODD | Oddar Meanchey | Samraong | AGENT
ODDA002,Anlung Veaeng 02,AGENT,0972631463,Oddar Meanchey,Samraong,Anlung Veaeng 02,"Anlung Veaeng 02, Samraong, Oddar Meanchey, Cambodia",ACTIVE,ODD,ODDA002,Anlung Veaeng 02,Anlung Veaeng 02,0972631463,0979520168,ODD,Otdar Meanchey,Otdar Meanchey,AGENT,AGENT,AGENT,14.232786,104.080505,ODDA002 | Anlung Veaeng 02 | 0972631463 | ODD | Oddar Meanchey | Samraong | AGENT
ODDA003,Trapeang Tav,AGENT,0312224055,Oddar Meanchey,Anlong Veaeng,Trapeang Tav,"Trapeang Tav, Anlong Veaeng, Oddar Meanchey, Cambodia",ACTIVE,ODD,ODDA003,Trapeang Tav,Trapeang Tav,0312224055,0979520168,ODD,Otdar Meanchey,Otdar Meanchey,AGENT,AGENT,AGENT,14.22539,103.897009,ODDA003 | Trapeang Tav | 0312224055 | ODD | Oddar Meanchey | Anlong Veaeng | AGENT
ODDA004,Trapeang Prasat 01,AGENT,0714809488,Oddar Meanchey,Trapeang Prasat,Trapeang Prasat 01,"Trapeang Prasat 01, Trapeang Prasat, Oddar Meanchey, Cambodia",ACTIVE,ODD,ODDA004,Trapeang Prasat 01,Trapeang Prasat 01,0714809488,0979520168,ODD,Otdar Meanchey,Otdar Meanchey,AGENT,AGENT,AGENT,14.19811,104.356795,ODDA004 | Trapeang Prasat 01 | 0714809488 | ODD | Oddar Meanchey | Trapeang Prasat | AGENT
ODDA005,Trapeang Prasat 02,AGENT,0317535511,Oddar Meanchey,Trapeang Prasat,Trapeang Prasat 02,"Trapeang Prasat 02, Trapeang Prasat, Oddar Meanchey, Cambodia",ACTIVE,ODD,ODDA005,Trapeang Prasat 02,Trapeang Prasat 02,0317535511,0979520168,ODD,Otdar Meanchey,Otdar Meanchey,AGENT,AGENT,AGENT,14.112373,104.342542,ODDA005 | Trapeang Prasat 02 | 0317535511 | ODD | Oddar Meanchey | Trapeang Prasat | AGENT
ODDA006,Samraong,AGENT,0719000048,Oddar Meanchey,Samraong,Samraong,"Samraong, Samraong, Oddar Meanchey, Cambodia",ACTIVE,ODD,ODDA006,Samraong,Samraong,0719000048,0979520168,ODD,Otdar Meanchey,Otdar Meanchey,AGENT,AGENT,AGENT,14.177446,103.507004,ODDA006 | Samraong | 0719000048 | ODD | Oddar Meanchey | Samraong | AGENT
ODDA007,Chong Kal,AGENT,066772668,Oddar Meanchey,Chong Kal,Chong Kal,"Chong Kal, Chong Kal, Oddar Meanchey, Cambodia",ACTIVE,ODD,ODDA007,Chong Kal,Chong Kal,066772668,0979520168,ODD,Otdar Meanchey,Otdar Meanchey,AGENT,AGENT,AGENT,13.961066,103.572905,ODDA007 | Chong Kal | 066772668 | ODD | Oddar Meanchey | Chong Kal | AGENT
ODDA008,Kouk Mon,AGENT,068819868,Oddar Meanchey,Banteay Ampil,Kouk Mon,"Kouk Mon, Banteay Ampil, Oddar Meanchey, Cambodia",ACTIVE,ODD,ODDA008,Kouk Mon,Kouk Mon,068819868,0979520168,ODD,Otdar Meanchey,Otdar Meanchey,AGENT,AGENT,AGENT,14.161922,103.288798,ODDA008 | Kouk Mon | 068819868 | ODD | Oddar Meanchey | Banteay Ampil | AGENT
ODDP001,Samraong,POST,0979520168,Oddar Meanchey,Samraong,Samraong,"Samraong, Samraong, Oddar Meanchey, Cambodia",ACTIVE,ODD,ODDP001,Samraong,Samraong,0979520168,0979520168,ODD,Otdar Meanchey,Otdar Meanchey,POST,POST,POST,14.171544,103.511342,ODDP001 | Samraong | 0979520168 | ODD | Oddar Meanchey | Samraong | POST
ODDS001,Samraong,POST,0979520168,Oddar Meanchey,Samraong,Samraong,"Samraong, Samraong, Oddar Meanchey, Cambodia",INACTIVE,ODD,ODDS001,Samraong,Samraong,0979520168,0979520168,ODD,Otdar Meanchey,Otdar Meanchey,POST,POST,POST,14.17525,103.5071667,ODDS001 | Samraong | 0979520168 | ODD | Oddar Meanchey | Samraong | POST
ODDS002,Anlung Veaeng,POST,0717751736,Oddar Meanchey,Samraong,Anlung Veaeng,"Anlung Veaeng, Samraong, Oddar Meanchey, Cambodia",ACTIVE,ODD,ODDS002,Anlung Veaeng,Anlung Veaeng,0717751736,0979520168,ODD,Otdar Meanchey,Otdar Meanchey,POST,POST,POST,14.230011,104.0781543,ODDS002 | Anlung Veaeng | 0717751736 | ODD | Oddar Meanchey | Samraong | POST
ODDTEST,Otdar Meanchey,POST,0979520168,Oddar Meanchey,Samraong,Otdar Meanchey,"Otdar Meanchey, Samraong, Oddar Meanchey, Cambodia",INACTIVE,ODD,ODDTEST,Otdar Meanchey,Otdar Meanchey,0979520168,0979520168,ODD,Otdar Meanchey,Otdar Meanchey,POST,POST,POST,,,ODDTEST | Otdar Meanchey | 0979520168 | ODD | Oddar Meanchey | Samraong | POST
PAIA001,Pailin,AGENT,0977186678,Pailin,Pailin,Pailin,"Pailin, Pailin, Pailin, Cambodia",ACTIVE,PAI,PAIA001,Pailin,Pailin,0977186678,0972277127,PAI,Pailin,Pailin,AGENT,AGENT,AGENT,12.857257,102.604963,PAIA001 | Pailin | 0977186678 | PAI | Pailin | Pailin | AGENT
PAIA002,Sala Krau,AGENT,0978877791,Pailin,Sala Krau,Sala Krau,"Sala Krau, Sala Krau, Pailin, Cambodia",ACTIVE,PAI,PAIA002,Sala Krau,Sala Krau,0978877791,0972277127,PAI,Pailin,Pailin,AGENT,AGENT,AGENT,12.948435,102.591515,PAIA002 | Sala Krau | 0978877791 | PAI | Pailin | Sala Krau | AGENT
PAIA003,Stueng Kach,AGENT,0883883383,Pailin,Sala Krau,Stueng Kach,"Stueng Kach, Sala Krau, Pailin, Cambodia",ACTIVE,PAI,PAIA003,Stueng Kach,Stueng Kach,0883883383,0972277127,PAI,Pailin,Pailin,AGENT,AGENT,AGENT,12.934088,102.501392,PAIA003 | Stueng Kach | 0883883383 | PAI | Pailin | Sala Krau | AGENT
PAIS001,Pailin,POST,0833916,Pailin,Pailin,Pailin,"Pailin, Pailin, Pailin, Cambodia",ACTIVE,PAI,PAIS001,Pailin,Pailin,0833916,0972277127,PAI,Pailin,Pailin,POST,POST,POST,12.857211,102.604989,PAIS001 | Pailin | 0833916 | PAI | Pailin | Pailin | POST
DVCZ1,Vehicle Team Z1,SHIPPER,0886479090,Phnom Penh,Chamkar Mon,Vehicle Team Z1,"Vehicle Team Z1, Chamkar Mon, Phnom Penh, Cambodia",ACTIVE,PNP,DVCZ1,Vehicle Team Z1,Vehicle Team Z1,0886479090,0886479090,PNP,Phnom Penh Branch,Phnom Penh Branch,SHIPPER,SHIPPER,SHIPPER,,,DVCZ1 | Vehicle Team Z1 | 0886479090 | PNP | Phnom Penh | Chamkar Mon | SHIPPER
HZ1P01,Head Office Z1,DEPARTMENT,0886479090,Phnom Penh,Chamkar Mon,Head Office Z1,"Head Office Z1, Chamkar Mon, Phnom Penh, Cambodia",ACTIVE,PNP,HZ1P01,Head Office Z1,Head Office Z1,0886479090,0886479090,PNP,Phnom Penh Branch,Phnom Penh Branch,DEPARTMENT,DEPARTMENT,DEPARTMENT,,,HZ1P01 | Head Office Z1 | 0886479090 | PNP | Phnom Penh | Chamkar Mon | DEPARTMENT
PNP-MYGO01,MYGO01,AGENT,060234468,Phnom Penh,Chamkar Mon,MYGO01,"MYGO01, Chamkar Mon, Phnom Penh, Cambodia",ACTIVE,PNP,PNP-MYGO01,MYGO01,MYGO01,060234468,0886479090,PNP,Phnom Penh Branch,Phnom Penh Branch,AGENT,AGENT,AGENT,11.56927,104.91889,PNP-MYGO01 | MYGO01 | 060234468 | PNP | Phnom Penh | Chamkar Mon | AGENT
PNPA001,Prey Sa,AGENT,0977722,Phnom Penh,Dangkao,Prey Sa,"Prey Sa, Dangkao, Phnom Penh, Cambodia",ACTIVE,PNP,PNPA001,Prey Sa,Prey Sa,0977722,0886479090,PNP,Phnom Penh Branch,Phnom Penh Branch,AGENT,AGENT,AGENT,11.500609,104.858078,PNPA001 | Prey Sa | 0977722 | PNP | Phnom Penh | Dangkao | AGENT
PNPA002,Oulampik 01,AGENT,066659268,Phnom Penh,Chamkar Mon,Oulampik 01,"Oulampik 01, Chamkar Mon, Phnom Penh, Cambodia",ACTIVE,PNP,PNPA002,Oulampik 01,Oulampik 01,066659268,0886479090,PNP,Phnom Penh Branch,Phnom Penh Branch,AGENT,AGENT,AGENT,11.55307,104.91135,PNPA002 | Oulampik 01 | 066659268 | PNP | Phnom Penh | Chamkar Mon | AGENT
PNPA003,Tuek Thla 01,AGENT,0312244786,Phnom Penh,Saensokh,Tuek Thla 01,"Tuek Thla 01, Saensokh, Phnom Penh, Cambodia",ACTIVE,PNP,PNPA003,Tuek Thla 01,Tuek Thla 01,0312244786,0886479090,PNP,Phnom Penh Branch,Phnom Penh Branch,AGENT,AGENT,AGENT,11.556812,104.881281,PNPA003 | Tuek Thla 01 | 0312244786 | PNP | Phnom Penh | Saensokh | AGENT
PNPA004,Chaom Chau Ti Pir,AGENT,090271919,Phnom Penh,Chamkar Mon,Chaom Chau Ti Pir,"Chaom Chau Ti Pir, Chamkar Mon, Phnom Penh, Cambodia",ACTIVE,PNP,PNPA004,Chaom Chau Ti Pir,Chaom Chau Ti Pir,090271919,0886479090,PNP,Phnom Penh Branch,Phnom Penh Branch,AGENT,AGENT,AGENT,11.534467,104.84961,PNPA004 | Chaom Chau Ti Pir | 090271919 | PNP | Phnom Penh | Chamkar Mon | AGENT
PNPA005,Trapeang Thloeng 4,AGENT,068456594,Phnom Penh,Chamkar Mon,Trapeang Thloeng 4,"Trapeang Thloeng 4, Chamkar Mon, Phnom Penh, Cambodia",ACTIVE,PNP,PNPA005,Trapeang Thloeng 4,Trapeang Thloeng 4,068456594,0886479090,PNP,Phnom Penh Branch,Phnom Penh Branch,AGENT,AGENT,AGENT,11.531301,104.860961,PNPA005 | Trapeang Thloeng 4 | 068456594 | PNP | Phnom Penh | Chamkar Mon | AGENT
PNPA006,Kakab Ti Pir,AGENT,0883794940,Phnom Penh,Chamkar Mon,Kakab Ti Pir,"Kakab Ti Pir, Chamkar Mon, Phnom Penh, Cambodia",ACTIVE,PNP,PNPA006,Kakab Ti Pir,Kakab Ti Pir,0883794940,0886479090,PNP,Phnom Penh Branch,Phnom Penh Branch,AGENT,AGENT,AGENT,11.563,104.8416,PNPA006 | Kakab Ti Pir | 0883794940 | PNP | Phnom Penh | Chamkar Mon | AGENT
PNPA007,Dangkao,AGENT,060285556,Phnom Penh,Dangkao,Dangkao,"Dangkao, Dangkao, Phnom Penh, Cambodia",ACTIVE,PNP,PNPA007,Dangkao,Dangkao,060285556,0886479090,PNP,Phnom Penh Branch,Phnom Penh Branch,AGENT,AGENT,AGENT,11.5153,104.8856,PNPA007 | Dangkao | 060285556 | PNP | Phnom Penh | Dangkao | AGENT
PNPA008,Stueng Mean Chey Ti Bei,AGENT,0975702255,Phnom Penh,Chamkar Mon,Stueng Mean Chey Ti Bei,"Stueng Mean Chey Ti Bei, Chamkar Mon, Phnom Penh, Cambodia",ACTIVE,PNP,PNPA008,Stueng Mean Chey Ti Bei,Stueng Mean Chey Ti Bei,0975702255,0886479090,PNP,Phnom Penh Branch,Phnom Penh Branch,AGENT,AGENT,AGENT,11.5293,104.8768,PNPA008 | Stueng Mean Chey Ti Bei | 0975702255 | PNP | Phnom Penh | Chamkar Mon | AGENT
PNPA013,Kamboul,AGENT,0883777126,Phnom Penh,Kamboul,Kamboul,"Kamboul, Kamboul, Phnom Penh, Cambodia",ACTIVE,PNP,PNPA013,Kamboul,Kamboul,0883777126,0886479090,PNP,Phnom Penh Branch,Phnom Penh Branch,AGENT,AGENT,AGENT,11.4411,104.7519,PNPA013 | Kamboul | 0883777126 | PNP | Phnom Penh | Kamboul | AGENT
PNPA016,Angk Snuol,AGENT,0883999617,Phnom Penh,Chamkar Mon,Angk Snuol,"Angk Snuol, Chamkar Mon, Phnom Penh, Cambodia",ACTIVE,PNP,PNPA016,Angk Snuol,Angk Snuol,0883999617,0886479090,PNP,Phnom Penh Branch,Phnom Penh Branch,AGENT,AGENT,AGENT,11.509205,104.750279,PNPA016 | Angk Snuol | 0883999617 | PNP | Phnom Penh | Chamkar Mon | AGENT
PNPA017,SOMOL MONORITH,AGENT,090614747,Phnom Penh,Chamkar Mon,SOMOL MONORITH,"SOMOL MONORITH, Chamkar Mon, Phnom Penh, Cambodia",ACTIVE,PNP,PNPA017,SOMOL MONORITH,SOMOL MONORITH,090614747,0886479090,PNP,Phnom Penh Branch,Phnom Penh Branch,AGENT,AGENT,AGENT,11.535556,104.761811,PNPA017 | SOMOL MONORITH | 090614747 | PNP | Phnom Penh | Chamkar Mon | AGENT
PNPA019,Ta Nuon,AGENT,090614747,Phnom Penh,Chamkar Mon,Ta Nuon,"Ta Nuon, Chamkar Mon, Phnom Penh, Cambodia",ACTIVE,PNP,PNPA019,Ta Nuon,Ta Nuon,090614747,0886479090,PNP,Phnom Penh Branch,Phnom Penh Branch,AGENT,AGENT,AGENT,11.535552,104.761817,PNPA019 | Ta Nuon | 090614747 | PNP | Phnom Penh | Chamkar Mon | AGENT
PNPA020,Tuol Svay Prey Ti Pir,AGENT,0888888086,Phnom Penh,Boeng Keng Kang,Tuol Svay Prey Ti Pir,"Tuol Svay Prey Ti Pir, Boeng Keng Kang, Phnom Penh, Cambodia",ACTIVE,PNP,PNPA020,Tuol Svay Prey Ti Pir,Tuol Svay Prey Ti Pir,0888888086,0886479090,PNP,Phnom Penh Branch,Phnom Penh Branch,AGENT,AGENT,AGENT,11.551024,104.904515,PNPA020 | Tuol Svay Prey Ti Pir | 0888888086 | PNP | Phnom Penh | Boeng Keng Kang | AGENT
PNPA022,Tien,AGENT,0886939168,Phnom Penh,Dangkao,Tien,"Tien, Dangkao, Phnom Penh, Cambodia",ACTIVE,PNP,PNPA022,Tien,Tien,0886939168,0886479090,PNP,Phnom Penh Branch,Phnom Penh Branch,AGENT,AGENT,AGENT,11.44122,104.855906,PNPA022 | Tien | 0886939168 | PNP | Phnom Penh | Dangkao | AGENT
PNPA023,Chaom Chau Ti Pir,AGENT,0883338139,Phnom Penh,Chamkar Mon,Chaom Chau Ti Pir,"Chaom Chau Ti Pir, Chamkar Mon, Phnom Penh, Cambodia",ACTIVE,PNP,PNPA023,Chaom Chau Ti Pir,Chaom Chau Ti Pir,0883338139,0886479090,PNP,Phnom Penh Branch,Phnom Penh Branch,AGENT,AGENT,AGENT,11.52833,104.844216,PNPA023 | Chaom Chau Ti Pir | 0883338139 | PNP | Phnom Penh | Chamkar Mon | AGENT
PNPA024,Kakab Ti Muoy,AGENT,068888127,Phnom Penh,Chamkar Mon,Kakab Ti Muoy,"Kakab Ti Muoy, Chamkar Mon, Phnom Penh, Cambodia",ACTIVE,PNP,PNPA024,Kakab Ti Muoy,Kakab Ti Muoy,068888127,0886479090,PNP,Phnom Penh Branch,Phnom Penh Branch,AGENT,AGENT,AGENT,11.561142,104.841369,PNPA024 | Kakab Ti Muoy | 068888127 | PNP | Phnom Penh | Chamkar Mon | AGENT
PNPA025,Chaom Chau Ti Muoy 01,AGENT,0889855597,Phnom Penh,Chamkar Mon,Chaom Chau Ti Muoy 01,"Chaom Chau Ti Muoy 01, Chamkar Mon, Phnom Penh, Cambodia",ACTIVE,PNP,PNPA025,Chaom Chau Ti Muoy 01,Chaom Chau Ti Muoy 01,0889855597,0886479090,PNP,Phnom Penh Branch,Phnom Penh Branch,AGENT,AGENT,AGENT,11.531051,104.809553,PNPA025 | Chaom Chau Ti Muoy 01 | 0889855597 | PNP | Phnom Penh | Chamkar Mon | AGENT
PNPA026,Stueng Mean Chey Ti Muoy,AGENT,0713440004,Phnom Penh,Chamkar Mon,Stueng Mean Chey Ti Muoy,"Stueng Mean Chey Ti Muoy, Chamkar Mon, Phnom Penh, Cambodia",ACTIVE,PNP,PNPA026,Stueng Mean Chey Ti Muoy,Stueng Mean Chey Ti Muoy,0713440004,0886479090,PNP,Phnom Penh Branch,Phnom Penh Branch,AGENT,AGENT,AGENT,11.525871,104.875463,PNPA026 | Stueng Mean Chey Ti Muoy | 0713440004 | PNP | Phnom Penh | Chamkar Mon | AGENT
PNPA027,Boeng Tumpun Ti Pir,AGENT,0972797979,Phnom Penh,Chamkar Mon,Boeng Tumpun Ti Pir,"Boeng Tumpun Ti Pir, Chamkar Mon, Phnom Penh, Cambodia",ACTIVE,PNP,PNPA027,Boeng Tumpun Ti Pir,Boeng Tumpun Ti Pir,0972797979,0886479090,PNP,Phnom Penh Branch,Phnom Penh Branch,AGENT,AGENT,AGENT,11.514045,104.920608,PNPA027 | Boeng Tumpun Ti Pir | 0972797979 | PNP | Phnom Penh | Chamkar Mon | AGENT
PNPA028,Chaom Chau Ti Muoy 02,AGENT,0973004449,Phnom Penh,Chamkar Mon,Chaom Chau Ti Muoy 02,"Chaom Chau Ti Muoy 02, Chamkar Mon, Phnom Penh, Cambodia",ACTIVE,PNP,PNPA028,Chaom Chau Ti Muoy 02,Chaom Chau Ti Muoy 02,0973004449,0886479090,PNP,Phnom Penh Branch,Phnom Penh Branch,AGENT,AGENT,AGENT,11.5215,104.8725,PNPA028 | Chaom Chau Ti Muoy 02 | 0973004449 | PNP | Phnom Penh | Chamkar Mon | AGENT
PNPA029,Stueng Mean Chey Ti Pir,AGENT,0719226226,Phnom Penh,Chamkar Mon,Stueng Mean Chey Ti Pir,"Stueng Mean Chey Ti Pir, Chamkar Mon, Phnom Penh, Cambodia",ACTIVE,PNP,PNPA029,Stueng Mean Chey Ti Pir,Stueng Mean Chey Ti Pir,0719226226,0886479090,PNP,Phnom Penh Branch,Phnom Penh Branch,AGENT,AGENT,AGENT,11.524998,104.89214,PNPA029 | Stueng Mean Chey Ti Pir | 0719226226 | PNP | Phnom Penh | Chamkar Mon | AGENT
PNPA030,Stueng Mean Chey Ti Muoy,AGENT,068997172,Phnom Penh,Chamkar Mon,Stueng Mean Chey Ti Muoy,"Stueng Mean Chey Ti Muoy, Chamkar Mon, Phnom Penh, Cambodia",ACTIVE,PNP,PNPA030,Stueng Mean Chey Ti Muoy,Stueng Mean Chey Ti Muoy,068997172,0886479090,PNP,Phnom Penh Branch,Phnom Penh Branch,AGENT,AGENT,AGENT,11.548701,104.896919,PNPA030 | Stueng Mean Chey Ti Muoy | 068997172 | PNP | Phnom Penh | Chamkar Mon | AGENT
PNPA031,Dangkao 01,AGENT,0978287070,Phnom Penh,Dangkao,Dangkao 01,"Dangkao 01, Dangkao, Phnom Penh, Cambodia",ACTIVE,PNP,PNPA031,Dangkao 01,Dangkao 01,0978287070,0886479090,PNP,Phnom Penh Branch,Phnom Penh Branch,AGENT,AGENT,AGENT,11.5064,104.8867,PNPA031 | Dangkao 01 | 0978287070 | PNP | Phnom Penh | Dangkao | AGENT
PNPA032,Spean Thma,AGENT,0882212222,Phnom Penh,Dangkao,Spean Thma,"Spean Thma, Dangkao, Phnom Penh, Cambodia",ACTIVE,PNP,PNPA032,Spean Thma,Spean Thma,0882212222,0886479090,PNP,Phnom Penh Branch,Phnom Penh Branch,AGENT,AGENT,AGENT,11.4607,104.8898,PNPA032 | Spean Thma | 0882212222 | PNP | Phnom Penh | Dangkao | AGENT
PNPA033,Cheung Aek,AGENT,0889179899,Phnom Penh,Dangkao,Cheung Aek,"Cheung Aek, Dangkao, Phnom Penh, Cambodia",ACTIVE,PNP,PNPA033,Cheung Aek,Cheung Aek,0889179899,0886479090,PNP,Phnom Penh Branch,Phnom Penh Branch,AGENT,AGENT,AGENT,11.495626,104.893718,PNPA033 | Cheung Aek | 0889179899 | PNP | Phnom Penh | Dangkao | AGENT
PNPA034,Dangkao 02,AGENT,0889501199,Phnom Penh,Dangkao,Dangkao 02,"Dangkao 02, Dangkao, Phnom Penh, Cambodia",ACTIVE,PNP,PNPA034,Dangkao 02,Dangkao 02,0889501199,0886479090,PNP,Phnom Penh Branch,Phnom Penh Branch,AGENT,AGENT,AGENT,11.43287,105.59722,PNPA034 | Dangkao 02 | 0889501199 | PNP | Phnom Penh | Dangkao | AGENT
PNPA035,Ruessei Kaev 01,AGENT,0978252064,Phnom Penh,Russey Keo,Ruessei Kaev 01,"Ruessei Kaev 01, Russey Keo, Phnom Penh, Cambodia",ACTIVE,PNP,PNPA035,Ruessei Kaev 01,Ruessei Kaev 01,0978252064,0886479090,PNP,Phnom Penh Branch,Phnom Penh Branch,AGENT,AGENT,AGENT,11.612098,104.916483,PNPA035 | Ruessei Kaev 01 | 0978252064 | PNP | Phnom Penh | Russey Keo | AGENT
PNPA036,Phsar Daeum Kor,AGENT,067444429,Phnom Penh,Tuol Kouk,Phsar Daeum Kor,"Phsar Daeum Kor, Tuol Kouk, Phnom Penh, Cambodia",ACTIVE,PNP,PNPA036,Phsar Daeum Kor,Phsar Daeum Kor,067444429,0886479090,PNP,Phnom Penh Branch,Phnom Penh Branch,AGENT,AGENT,AGENT,11.5558,104.903971,PNPA036 | Phsar Daeum Kor | 067444429 | PNP | Phnom Penh | Tuol Kouk | AGENT
PNPA037,Ruessei Kaev 02,AGENT,0977779525,Phnom Penh,Russey Keo,Ruessei Kaev 02,"Ruessei Kaev 02, Russey Keo, Phnom Penh, Cambodia",ACTIVE,PNP,PNPA037,Ruessei Kaev 02,Ruessei Kaev 02,0977779525,0886479090,PNP,Phnom Penh Branch,Phnom Penh Branch,AGENT,AGENT,AGENT,11.60771,104.910754,PNPA037 | Ruessei Kaev 02 | 0977779525 | PNP | Phnom Penh | Russey Keo | AGENT
PNPA038,Kouk Khleang,AGENT,0884006677,Phnom Penh,Saensokh,Kouk Khleang,"Kouk Khleang, Saensokh, Phnom Penh, Cambodia",ACTIVE,PNP,PNPA038,Kouk Khleang,Kouk Khleang,0884006677,0886479090,PNP,Phnom Penh Branch,Phnom Penh Branch,AGENT,AGENT,AGENT,11.597575,104.868313,PNPA038 | Kouk Khleang | 0884006677 | PNP | Phnom Penh | Saensokh | AGENT
PNPA039,Phnum Penh Thmei,AGENT,0885712259,Phnom Penh,Chamkar Mon,Phnum Penh Thmei,"Phnum Penh Thmei, Chamkar Mon, Phnom Penh, Cambodia",ACTIVE,PNP,PNPA039,Phnum Penh Thmei,Phnum Penh Thmei,0885712259,0886479090,PNP,Phnom Penh Branch,Phnom Penh Branch,AGENT,AGENT,AGENT,11.572758,104.871636,PNPA039 | Phnum Penh Thmei | 0885712259 | PNP | Phnom Penh | Chamkar Mon | AGENT
PNPA040,Tuek Thla 02,AGENT,0973333018,Phnom Penh,Saensokh,Tuek Thla 02,"Tuek Thla 02, Saensokh, Phnom Penh, Cambodia",ACTIVE,PNP,PNPA040,Tuek Thla 02,Tuek Thla 02,0973333018,0886479090,PNP,Phnom Penh Branch,Phnom Penh Branch,AGENT,AGENT,AGENT,11.553224,104.885042,PNPA040 | Tuek Thla 02 | 0973333018 | PNP | Phnom Penh | Saensokh | AGENT
PNPA041,Oulampik 02,AGENT,0976606888,Phnom Penh,Chamkar Mon,Oulampik 02,"Oulampik 02, Chamkar Mon, Phnom Penh, Cambodia",ACTIVE,PNP,PNPA041,Oulampik 02,Oulampik 02,0976606888,0886479090,PNP,Phnom Penh Branch,Phnom Penh Branch,AGENT,AGENT,AGENT,11.554833,104.910783,PNPA041 | Oulampik 02 | 0976606888 | PNP | Phnom Penh | Chamkar Mon | AGENT
PNPA043,Preaek Pra,AGENT,067426467,Phnom Penh,Chbar Ampov,Preaek Pra,"Preaek Pra, Chbar Ampov, Phnom Penh, Cambodia",ACTIVE,PNP,PNPA043,Preaek Pra,Preaek Pra,067426467,0886479090,PNP,Phnom Penh Branch,Phnom Penh Branch,AGENT,AGENT,AGENT,11.5047,104.9453,PNPA043 | Preaek Pra | 067426467 | PNP | Phnom Penh | Chbar Ampov | AGENT
PNPA044,Phsar Chas,AGENT,0883633319,Phnom Penh,Doun Penh,Phsar Chas,"Phsar Chas, Doun Penh, Phnom Penh, Cambodia",ACTIVE,PNP,PNPA044,Phsar Chas,Phsar Chas,0883633319,0886479090,PNP,Phnom Penh Branch,Phnom Penh Branch,AGENT,AGENT,AGENT,11.572105,104.924878,PNPA044 | Phsar Chas | 0883633319 | PNP | Phnom Penh | Doun Penh | AGENT
PNPA045,Boeng Proluet,AGENT,0976333853,Phnom Penh,Prampir Meakkakra,Boeng Proluet,"Boeng Proluet, Prampir Meakkakra, Phnom Penh, Cambodia",ACTIVE,PNP,PNPA045,Boeng Proluet,Boeng Proluet,0976333853,0886479090,PNP,Phnom Penh Branch,Phnom Penh Branch,AGENT,AGENT,AGENT,11.561033,104.91571,PNPA045 | Boeng Proluet | 0976333853 | PNP | Phnom Penh | Prampir Meakkakra | AGENT
PNPA046,Chaom Chau Ti Bei 01,AGENT,066782866,Phnom Penh,Chamkar Mon,Chaom Chau Ti Bei 01,"Chaom Chau Ti Bei 01, Chamkar Mon, Phnom Penh, Cambodia",ACTIVE,PNP,PNPA046,Chaom Chau Ti Bei 01,Chaom Chau Ti Bei 01,066782866,0886479090,PNP,Phnom Penh Branch,Phnom Penh Branch,AGENT,AGENT,AGENT,11.532243,104.832501,PNPA046 | Chaom Chau Ti Bei 01 | 066782866 | PNP | Phnom Penh | Chamkar Mon | AGENT
PNPA047,Phsar Thmei Ti Bei,AGENT,0886785800,Phnom Penh,Doun Penh,Phsar Thmei Ti Bei,"Phsar Thmei Ti Bei, Doun Penh, Phnom Penh, Cambodia",ACTIVE,PNP,PNPA047,Phsar Thmei Ti Bei,Phsar Thmei Ti Bei,0886785800,0886479090,PNP,Phnom Penh Branch,Phnom Penh Branch,AGENT,AGENT,AGENT,11.567417,104.92398,PNPA047 | Phsar Thmei Ti Bei | 0886785800 | PNP | Phnom Penh | Doun Penh | AGENT
PNPA048,Chrang Chamreh Ti Pir,AGENT,0714224400,Phnom Penh,Russey Keo,Chrang Chamreh Ti Pir,"Chrang Chamreh Ti Pir, Russey Keo, Phnom Penh, Cambodia",ACTIVE,PNP,PNPA048,Chrang Chamreh Ti Pir,Chrang Chamreh Ti Pir,0714224400,0886479090,PNP,Phnom Penh Branch,Phnom Penh Branch,AGENT,AGENT,AGENT,11.630997,104.903476,PNPA048 | Chrang Chamreh Ti Pir | 0714224400 | PNP | Phnom Penh | Russey Keo | AGENT
PNPA051,Tuek L'ak Ti Bei,AGENT,066841666,Phnom Penh,Tuol Kouk,Tuek L'ak Ti Bei,"Tuek L'ak Ti Bei, Tuol Kouk, Phnom Penh, Cambodia",ACTIVE,PNP,PNPA051,Tuek L'ak Ti Bei,Tuek L'ak Ti Bei,066841666,0886479090,PNP,Phnom Penh Branch,Phnom Penh Branch,AGENT,AGENT,AGENT,11.55678,104.893393,PNPA051 | Tuek L'ak Ti Bei | 066841666 | PNP | Phnom Penh | Tuol Kouk | AGENT
PNPA052,Chak Angrae Kraom,AGENT,0717102101,Phnom Penh,Mean Chey,Chak Angrae Kraom,"Chak Angrae Kraom, Mean Chey, Phnom Penh, Cambodia",ACTIVE,PNP,PNPA052,Chak Angrae Kraom,Chak Angrae Kraom,0717102101,0886479090,PNP,Phnom Penh Branch,Phnom Penh Branch,AGENT,AGENT,AGENT,11.50926,104.937224,PNPA052 | Chak Angrae Kraom | 0717102101 | PNP | Phnom Penh | Mean Chey | AGENT
PNPA053,Bong Keng Kang Ti Muoy,AGENT,0318224488,Phnom Penh,Chamkar Mon,Bong Keng Kang Ti Muoy,"Bong Keng Kang Ti Muoy, Chamkar Mon, Phnom Penh, Cambodia",ACTIVE,PNP,PNPA053,Bong Keng Kang Ti Muoy,Bong Keng Kang Ti Muoy,0318224488,0886479090,PNP,Phnom Penh Branch,Phnom Penh Branch,AGENT,AGENT,AGENT,11.55358,104.921575,PNPA053 | Bong Keng Kang Ti Muoy | 0318224488 | PNP | Phnom Penh | Chamkar Mon | AGENT
PNPA055,Boeng Tumpun Ti Muoy,AGENT,0972888509,Phnom Penh,Chamkar Mon,Boeng Tumpun Ti Muoy,"Boeng Tumpun Ti Muoy, Chamkar Mon, Phnom Penh, Cambodia",ACTIVE,PNP,PNPA055,Boeng Tumpun Ti Muoy,Boeng Tumpun Ti Muoy,0972888509,0886479090,PNP,Phnom Penh Branch,Phnom Penh Branch,AGENT,AGENT,AGENT,11.520161,104.916818,PNPA055 | Boeng Tumpun Ti Muoy | 0972888509 | PNP | Phnom Penh | Chamkar Mon | AGENT
PNPA059,Phsar Toch,AGENT,0979994030,Phnom Penh,Chamkar Mon,Phsar Toch,"Phsar Toch, Chamkar Mon, Phnom Penh, Cambodia",ACTIVE,PNP,PNPA059,Phsar Toch,Phsar Toch,0979994030,0886479090,PNP,Phnom Penh Branch,Phnom Penh Branch,AGENT,AGENT,AGENT,104.916787,11.590202,PNPA059 | Phsar Toch | 0979994030 | PNP | Phnom Penh | Chamkar Mon | AGENT
PNPA060,Phsar Thmei Ti Muoy,AGENT,0713537070,Phnom Penh,Doun Penh,Phsar Thmei Ti Muoy,"Phsar Thmei Ti Muoy, Doun Penh, Phnom Penh, Cambodia",ACTIVE,PNP,PNPA060,Phsar Thmei Ti Muoy,Phsar Thmei Ti Muoy,0713537070,0886479090,PNP,Phnom Penh Branch,Phnom Penh Branch,AGENT,AGENT,AGENT,11.570329,104.921707,PNPA060 | Phsar Thmei Ti Muoy | 0713537070 | PNP | Phnom Penh | Doun Penh | AGENT
PNPA062,ST47 Srah Chak,AGENT,0716002431,Phnom Penh,Doun Penh,ST47 Srah Chak,"ST47 Srah Chak, Doun Penh, Phnom Penh, Cambodia",ACTIVE,PNP,PNPA062,ST47 Srah Chak,ST47 Srah Chak,0716002431,0886479090,PNP,Phnom Penh Branch,Phnom Penh Branch,AGENT,AGENT,AGENT,11.5839012,104.9179671,PNPA062 | ST47 Srah Chak | 0716002431 | PNP | Phnom Penh | Doun Penh | AGENT
PNPA064,Prey Pring Khang Tboung 2,AGENT,0976639839,Phnom Penh,Chamkar Mon,Prey Pring Khang Tboung 2,"Prey Pring Khang Tboung 2, Chamkar Mon, Phnom Penh, Cambodia",ACTIVE,PNP,PNPA064,Prey Pring Khang Tboung 2,Prey Pring Khang Tboung 2,0976639839,0886479090,PNP,Phnom Penh Branch,Phnom Penh Branch,AGENT,AGENT,AGENT,11.524598,104.826706,PNPA064 | Prey Pring Khang Tboung 2 | 0976639839 | PNP | Phnom Penh | Chamkar Mon | AGENT
PNPA065,Ou Ruessei Ti Pir Phum 2,AGENT,0977030003,Phnom Penh,Prampir Meakkakra,Ou Ruessei Ti Pir Phum 2,"Ou Ruessei Ti Pir Phum 2, Prampir Meakkakra, Phnom Penh, Cambodia",ACTIVE,PNP,PNPA065,Ou Ruessei Ti Pir Phum 2,Ou Ruessei Ti Pir Phum 2,0977030003,0886479090,PNP,Phnom Penh Branch,Phnom Penh Branch,AGENT,AGENT,AGENT,11.565177,104.914885,PNPA065 | Ou Ruessei Ti Pir Phum 2 | 0977030003 | PNP | Phnom Penh | Prampir Meakkakra | AGENT
PNPA069,Ou Baek K am,AGENT,068389888,Phnom Penh,Chamkar Mon,Ou Baek K am,"Ou Baek K am, Chamkar Mon, Phnom Penh, Cambodia",ACTIVE,PNP,PNPA069,Ou Baek K am,Ou Baek K am,068389888,0886479090,PNP,Phnom Penh Branch,Phnom Penh Branch,AGENT,AGENT,AGENT,11.5524,104.8851,PNPA069 | Ou Baek K am | 068389888 | PNP | Phnom Penh | Chamkar Mon | AGENT
PNPA070,Nirouth,AGENT,068362286,Phnom Penh,Chbar Ampov,Nirouth,"Nirouth, Chbar Ampov, Phnom Penh, Cambodia",ACTIVE,PNP,PNPA070,Nirouth,Nirouth,068362286,0886479090,PNP,Phnom Penh Branch,Phnom Penh Branch,AGENT,AGENT,AGENT,11.519818,104.945927,PNPA070 | Nirouth | 068362286 | PNP | Phnom Penh | Chbar Ampov | AGENT
PNPA071,Chong Khsach,AGENT,015604030,Phnom Penh,Chamkar Mon,Chong Khsach,"Chong Khsach, Chamkar Mon, Phnom Penh, Cambodia",ACTIVE,PNP,PNPA071,Chong Khsach,Chong Khsach,015604030,0886479090,PNP,Phnom Penh Branch,Phnom Penh Branch,AGENT,AGENT,AGENT,104.915295,11.588579,PNPA071 | Chong Khsach | 015604030 | PNP | Phnom Penh | Chamkar Mon | AGENT
PNPA072,Phsar Toch,AGENT,089966655,Phnom Penh,Chamkar Mon,Phsar Toch,"Phsar Toch, Chamkar Mon, Phnom Penh, Cambodia",ACTIVE,PNP,PNPA072,Phsar Toch,Phsar Toch,089966655,0886479090,PNP,Phnom Penh Branch,Phnom Penh Branch,AGENT,AGENT,AGENT,104.907171,11.590341,PNPA072 | Phsar Toch | 089966655 | PNP | Phnom Penh | Chamkar Mon | AGENT
PNPA073,Phsar Depou Ti Pir Phum 2,AGENT,060243536,Phnom Penh,Tuol Kouk,Phsar Depou Ti Pir Phum 2,"Phsar Depou Ti Pir Phum 2, Tuol Kouk, Phnom Penh, Cambodia",ACTIVE,PNP,PNPA073,Phsar Depou Ti Pir Phum 2,Phsar Depou Ti Pir Phum 2,060243536,0886479090,PNP,Phnom Penh Branch,Phnom Penh Branch,AGENT,AGENT,AGENT,11.566332,104.905016,PNPA073 | Phsar Depou Ti Pir Phum 2 | 060243536 | PNP | Phnom Penh | Tuol Kouk | AGENT
PNPA074,Tuek Thla,AGENT,066366789,Phnom Penh,Saensokh,Tuek Thla,"Tuek Thla, Saensokh, Phnom Penh, Cambodia",ACTIVE,PNP,PNPA074,Tuek Thla,Tuek Thla,066366789,0886479090,PNP,Phnom Penh Branch,Phnom Penh Branch,AGENT,AGENT,AGENT,11.5576,104.8686,PNPA074 | Tuek Thla | 066366789 | PNP | Phnom Penh | Saensokh | AGENT
PNPA079,Kab Phluk,AGENT,0975203928,Phnom Penh,Chamkar Mon,Kab Phluk,"Kab Phluk, Chamkar Mon, Phnom Penh, Cambodia",ACTIVE,PNP,PNPA079,Kab Phluk,Kab Phluk,0975203928,0886479090,PNP,Phnom Penh Branch,Phnom Penh Branch,AGENT,AGENT,AGENT,11.502116,104.806126,PNPA079 | Kab Phluk | 0975203928 | PNP | Phnom Penh | Chamkar Mon | AGENT
PNPA080,Phleung Chheh Roteh,AGENT,0975790001,Phnom Penh,Kamboul,Phleung Chheh Roteh,"Phleung Chheh Roteh, Kamboul, Phnom Penh, Cambodia",ACTIVE,PNP,PNPA080,Phleung Chheh Roteh,Phleung Chheh Roteh,0975790001,0886479090,PNP,Phnom Penh Branch,Phnom Penh Branch,AGENT,AGENT,AGENT,11.491788,104.81429,PNPA080 | Phleung Chheh Roteh | 0975790001 | PNP | Phnom Penh | Kamboul | AGENT
PNPA081,Phsar Thmei Ti Bei Phum 3,AGENT,0979700868,Phnom Penh,Doun Penh,Phsar Thmei Ti Bei Phum 3,"Phsar Thmei Ti Bei Phum 3, Doun Penh, Phnom Penh, Cambodia",ACTIVE,PNP,PNPA081,Phsar Thmei Ti Bei Phum 3,Phsar Thmei Ti Bei Phum 3,0979700868,0886479090,PNP,Phnom Penh Branch,Phnom Penh Branch,AGENT,AGENT,AGENT,11.565271,104.923624,PNPA081 | Phsar Thmei Ti Bei Phum 3 | 0979700868 | PNP | Phnom Penh | Doun Penh | AGENT
PNPA086,Tep Phon,AGENT,068579757,Phnom Penh,Chamkar Mon,Tep Phon,"Tep Phon, Chamkar Mon, Phnom Penh, Cambodia",ACTIVE,PNP,PNPA086,Tep Phon,Tep Phon,068579757,0886479090,PNP,Phnom Penh Branch,Phnom Penh Branch,AGENT,AGENT,AGENT,11.56302387,104.909703,PNPA086 | Tep Phon | 068579757 | PNP | Phnom Penh | Chamkar Mon | AGENT
PNPA087,Boeng Tumpun Ti Muoy,AGENT,060673337,Phnom Penh,Chamkar Mon,Boeng Tumpun Ti Muoy,"Boeng Tumpun Ti Muoy, Chamkar Mon, Phnom Penh, Cambodia",ACTIVE,PNP,PNPA087,Boeng Tumpun Ti Muoy,Boeng Tumpun Ti Muoy,060673337,0886479090,PNP,Phnom Penh Branch,Phnom Penh Branch,AGENT,AGENT,AGENT,11.530862,104.912548,PNPA087 | Boeng Tumpun Ti Muoy | 060673337 | PNP | Phnom Penh | Chamkar Mon | AGENT
PNPA088,Chaom Chau Ti Bei 02,AGENT,066778278,Phnom Penh,Chamkar Mon,Chaom Chau Ti Bei 02,"Chaom Chau Ti Bei 02, Chamkar Mon, Phnom Penh, Cambodia",ACTIVE,PNP,PNPA088,Chaom Chau Ti Bei 02,Chaom Chau Ti Bei 02,066778278,0886479090,PNP,Phnom Penh Branch,Phnom Penh Branch,AGENT,AGENT,AGENT,11.537322,104.815671,PNPA088 | Chaom Chau Ti Bei 02 | 066778278 | PNP | Phnom Penh | Chamkar Mon | AGENT
PNPA091,Chaom Chau 2 Phum 1,AGENT,0882597401,Phnom Penh,Pur SenChey,Chaom Chau 2 Phum 1,"Chaom Chau 2 Phum 1, Pur SenChey, Phnom Penh, Cambodia",ACTIVE,PNP,PNPA091,Chaom Chau 2 Phum 1,Chaom Chau 2 Phum 1,0882597401,0886479090,PNP,Phnom Penh Branch,Phnom Penh Branch,AGENT,AGENT,AGENT,11.52026,104.806014,PNPA091 | Chaom Chau 2 Phum 1 | 0882597401 | PNP | Phnom Penh | Pur SenChey | AGENT
PNPA095,Wat Nirouth,AGENT,0316888165,Phnom Penh,Chbar Ampov,Wat Nirouth,"Wat Nirouth, Chbar Ampov, Phnom Penh, Cambodia",ACTIVE,PNP,PNPA095,Wat Nirouth,Wat Nirouth,0316888165,0886479090,PNP,Phnom Penh Branch,Phnom Penh Branch,AGENT,AGENT,AGENT,11.522177,104.9465878,PNPA095 | Wat Nirouth | 0316888165 | PNP | Phnom Penh | Chbar Ampov | AGENT
PNPA096,Tuek L ak Ti Mouy Phum 7,AGENT,0973366376,Phnom Penh,Chamkar Mon,Tuek L ak Ti Mouy Phum 7,"Tuek L ak Ti Mouy Phum 7, Chamkar Mon, Phnom Penh, Cambodia",ACTIVE,PNP,PNPA096,Tuek L ak Ti Mouy Phum 7,Tuek L ak Ti Mouy Phum 7,0973366376,0886479090,PNP,Phnom Penh Branch,Phnom Penh Branch,AGENT,AGENT,AGENT,11.566,104.89096,PNPA096 | Tuek L ak Ti Mouy Phum 7 | 0973366376 | PNP | Phnom Penh | Chamkar Mon | AGENT
PNPA100,Tuol Pongro,AGENT,0889202999,Phnom Penh,Chamkar Mon,Tuol Pongro,"Tuol Pongro, Chamkar Mon, Phnom Penh, Cambodia",ACTIVE,PNP,PNPA100,Tuol Pongro,Tuol Pongro,0889202999,0886479090,PNP,Phnom Penh Branch,Phnom Penh Branch,AGENT,AGENT,AGENT,11.513179,104.858848,PNPA100 | Tuol Pongro | 0889202999 | PNP | Phnom Penh | Chamkar Mon | AGENT
PNPP001,Chamkar Mon,POST,0886479090,Phnom Penh,Chamkar Mon,Chamkar Mon,"Chamkar Mon, Chamkar Mon, Phnom Penh, Cambodia",ACTIVE,PNP,PNPP001,Chamkar Mon,Chamkar Mon,0886479090,0886479090,PNP,Phnom Penh Branch,Phnom Penh Branch,POST,POST,POST,11.5498322,104.9003168,PNPP001 | Chamkar Mon | 0886479090 | PNP | Phnom Penh | Chamkar Mon | POST
PNPP002,Mean Chey 01,POST,0713951242,Phnom Penh,Chamkar Mon,Mean Chey 01,"Mean Chey 01, Chamkar Mon, Phnom Penh, Cambodia",ACTIVE,PNP,PNPP002,Mean Chey 01,Mean Chey 01,0713951242,0886479090,PNP,Phnom Penh Branch,Phnom Penh Branch,POST,POST,POST,11.5121,104.93619,PNPP002 | Mean Chey 01 | 0713951242 | PNP | Phnom Penh | Chamkar Mon | POST
PNPP003,Mean Chey 02,POST,0315500998,Phnom Penh,Chamkar Mon,Mean Chey 02,"Mean Chey 02, Chamkar Mon, Phnom Penh, Cambodia",ACTIVE,PNP,PNPP003,Mean Chey 02,Mean Chey 02,0315500998,0886479090,PNP,Phnom Penh Branch,Phnom Penh Branch,POST,POST,POST,11.547075,104.884,PNPP003 | Mean Chey 02 | 0315500998 | PNP | Phnom Penh | Chamkar Mon | POST
PNPP004,Preaek Pnov,POST,0717674227,Phnom Penh,Chamkar Mon,Preaek Pnov,"Preaek Pnov, Chamkar Mon, Phnom Penh, Cambodia",ACTIVE,PNP,PNPP004,Preaek Pnov,Preaek Pnov,0717674227,0886479090,PNP,Phnom Penh Branch,Phnom Penh Branch,POST,POST,POST,11.6583,104.8637,PNPP004 | Preaek Pnov | 0717674227 | PNP | Phnom Penh | Chamkar Mon | POST
PNPP005,Chbar Ampov,POST,0975582123,Phnom Penh,Chbar Ampov,Chbar Ampov,"Chbar Ampov, Chbar Ampov, Phnom Penh, Cambodia",ACTIVE,PNP,PNPP005,Chbar Ampov,Chbar Ampov,0975582123,0886479090,PNP,Phnom Penh Branch,Phnom Penh Branch,POST,POST,POST,11.5317,104.9369,PNPP005 | Chbar Ampov | 0975582123 | PNP | Phnom Penh | Chbar Ampov | POST
PNPP006,Tuol Kouk,POST,0976243981,Phnom Penh,Chamkar Mon,Tuol Kouk,"Tuol Kouk, Chamkar Mon, Phnom Penh, Cambodia",ACTIVE,PNP,PNPP006,Tuol Kouk,Tuol Kouk,0976243981,0886479090,PNP,Phnom Penh Branch,Phnom Penh Branch,POST,POST,POST,11.5903,104.8974,PNPP006 | Tuol Kouk | 0976243981 | PNP | Phnom Penh | Chamkar Mon | POST
PNPP007,Boeng Keng Kang,POST,0977681433,Phnom Penh,Boeng Keng Kang,Boeng Keng Kang,"Boeng Keng Kang, Boeng Keng Kang, Phnom Penh, Cambodia",ACTIVE,PNP,PNPP007,Boeng Keng Kang,Boeng Keng Kang,0977681433,0886479090,PNP,Phnom Penh Branch,Phnom Penh Branch,POST,POST,POST,11.55514,104.915931,PNPP007 | Boeng Keng Kang | 0977681433 | PNP | Phnom Penh | Boeng Keng Kang | POST
PNPP008,Pou Saen Chey 01,POST,0977872172,Phnom Penh,Chamkar Mon,Pou Saen Chey 01,"Pou Saen Chey 01, Chamkar Mon, Phnom Penh, Cambodia",ACTIVE,PNP,PNPP008,Pou Saen Chey 01,Pou Saen Chey 01,0977872172,0886479090,PNP,Phnom Penh Branch,Phnom Penh Branch,POST,POST,POST,11.561082,104.853001,PNPP008 | Pou Saen Chey 01 | 0977872172 | PNP | Phnom Penh | Chamkar Mon | POST
PNPP009,Pou Saen Chey 02,POST,0712265139,Phnom Penh,Chamkar Mon,Pou Saen Chey 02,"Pou Saen Chey 02, Chamkar Mon, Phnom Penh, Cambodia",ACTIVE,PNP,PNPP009,Pou Saen Chey 02,Pou Saen Chey 02,0712265139,0886479090,PNP,Phnom Penh Branch,Phnom Penh Branch,POST,POST,POST,11.5302,104.8521,PNPP009 | Pou Saen Chey 02 | 0712265139 | PNP | Phnom Penh | Chamkar Mon | POST
PNPP010,Chraoy Chongvar,POST,068288779,Phnom Penh,Chamkar Mon,Chraoy Chongvar,"Chraoy Chongvar, Chamkar Mon, Phnom Penh, Cambodia",ACTIVE,PNP,PNPP010,Chraoy Chongvar,Chraoy Chongvar,068288779,0886479090,PNP,Phnom Penh Branch,Phnom Penh Branch,POST,POST,POST,11.6407,104.918,PNPP010 | Chraoy Chongvar | 068288779 | PNP | Phnom Penh | Chamkar Mon | POST
PNPP011,Dangkao,POST,0883331768,Phnom Penh,Dangkao,Dangkao,"Dangkao, Dangkao, Phnom Penh, Cambodia",ACTIVE,PNP,PNPP011,Dangkao,Dangkao,0883331768,0886479090,PNP,Phnom Penh Branch,Phnom Penh Branch,POST,POST,POST,11.50786,104.8915,PNPP011 | Dangkao | 0883331768 | PNP | Phnom Penh | Dangkao | POST
PNPP012,Kamboul,POST,0865371,Phnom Penh,Kamboul,Kamboul,"Kamboul, Kamboul, Phnom Penh, Cambodia",ACTIVE,PNP,PNPP012,Kamboul,Kamboul,0865371,0886479090,PNP,Phnom Penh Branch,Phnom Penh Branch,POST,POST,POST,11.518005,104.774501,PNPP012 | Kamboul | 0865371 | PNP | Phnom Penh | Kamboul | POST
PNPP013,Saen Sokh,POST,0889432820,Phnom Penh,Chamkar Mon,Saen Sokh,"Saen Sokh, Chamkar Mon, Phnom Penh, Cambodia",ACTIVE,PNP,PNPP013,Saen Sokh,Saen Sokh,0889432820,0886479090,PNP,Phnom Penh Branch,Phnom Penh Branch,POST,POST,POST,11.590052,104.876093,PNPP013 | Saen Sokh | 0889432820 | PNP | Phnom Penh | Chamkar Mon | POST
PNPP014,Doun Penh,POST,0888985557,Phnom Penh,Chamkar Mon,Doun Penh,"Doun Penh, Chamkar Mon, Phnom Penh, Cambodia",ACTIVE,PNP,PNPP014,Doun Penh,Doun Penh,0888985557,0886479090,PNP,Phnom Penh Branch,Phnom Penh Branch,POST,POST,POST,11.56927,104.91889,PNPP014 | Doun Penh | 0888985557 | PNP | Phnom Penh | Chamkar Mon | POST
PNPS001,Phsar Thmei Ti Muoy,POST,0441553,Phnom Penh,Doun Penh,Phsar Thmei Ti Muoy,"Phsar Thmei Ti Muoy, Doun Penh, Phnom Penh, Cambodia",ACTIVE,PNP,PNPS001,Phsar Thmei Ti Muoy,Phsar Thmei Ti Muoy,0441553,0886479090,PNP,Phnom Penh Branch,Phnom Penh Branch,POST,POST,POST,11.566858,104.920799,PNPS001 | Phsar Thmei Ti Muoy | 0441553 | PNP | Phnom Penh | Doun Penh | POST
PNPS002,Boeng Kak Ti Pir,POST,0251599,Phnom Penh,Tuol Kouk,Boeng Kak Ti Pir,"Boeng Kak Ti Pir, Tuol Kouk, Phnom Penh, Cambodia",ACTIVE,PNP,PNPS002,Boeng Kak Ti Pir,Boeng Kak Ti Pir,0251599,0886479090,PNP,Phnom Penh Branch,Phnom Penh Branch,POST,POST,POST,11.573333,104.897194,PNPS002 | Boeng Kak Ti Pir | 0251599 | PNP | Phnom Penh | Tuol Kouk | POST
PNPS003,Nirouth,POST,0711053,Phnom Penh,Chbar Ampov,Nirouth,"Nirouth, Chbar Ampov, Phnom Penh, Cambodia",ACTIVE,PNP,PNPS003,Nirouth,Nirouth,0711053,0886479090,PNP,Phnom Penh Branch,Phnom Penh Branch,POST,POST,POST,11.531241,104.941846,PNPS003 | Nirouth | 0711053 | PNP | Phnom Penh | Chbar Ampov | POST
PNPS004,Tuek Thla,POST,0270003,Phnom Penh,Saensokh,Tuek Thla,"Tuek Thla, Saensokh, Phnom Penh, Cambodia",ACTIVE,PNP,PNPS004,Tuek Thla,Tuek Thla,0270003,0886479090,PNP,Phnom Penh Branch,Phnom Penh Branch,POST,POST,POST,11.562672,104.877815,PNPS004 | Tuek Thla | 0270003 | PNP | Phnom Penh | Saensokh | POST
PNPS005,Chaom Chau Ti Muoy 01,POST,0427475,Phnom Penh,Chamkar Mon,Chaom Chau Ti Muoy 01,"Chaom Chau Ti Muoy 01, Chamkar Mon, Phnom Penh, Cambodia",ACTIVE,PNP,PNPS005,Chaom Chau Ti Muoy 01,Chaom Chau Ti Muoy 01,0427475,0886479090,PNP,Phnom Penh Branch,Phnom Penh Branch,POST,POST,POST,11.532352,104.832526,PNPS005 | Chaom Chau Ti Muoy 01 | 0427475 | PNP | Phnom Penh | Chamkar Mon | POST
PNPS006,Srah Chak,POST,0811064,Phnom Penh,Doun Penh,Srah Chak,"Srah Chak, Doun Penh, Phnom Penh, Cambodia",ACTIVE,PNP,PNPS006,Srah Chak,Srah Chak,0811064,0886479090,PNP,Phnom Penh Branch,Phnom Penh Branch,POST,POST,POST,11.585659,104.915881,PNPS006 | Srah Chak | 0811064 | PNP | Phnom Penh | Doun Penh | POST
PNPS007,Tuol Svay Prey Ti Pir,POST,0277379,Phnom Penh,Boeng Keng Kang,Tuol Svay Prey Ti Pir,"Tuol Svay Prey Ti Pir, Boeng Keng Kang, Phnom Penh, Cambodia",ACTIVE,PNP,PNPS007,Tuol Svay Prey Ti Pir,Tuol Svay Prey Ti Pir,0277379,0886479090,PNP,Phnom Penh Branch,Phnom Penh Branch,POST,POST,POST,11.550046,104.904741,PNPS007 | Tuol Svay Prey Ti Pir | 0277379 | PNP | Phnom Penh | Boeng Keng Kang | POST
PNPS008,Chaom Chau Ti Muoy 02,POST,0244350,Phnom Penh,Chamkar Mon,Chaom Chau Ti Muoy 02,"Chaom Chau Ti Muoy 02, Chamkar Mon, Phnom Penh, Cambodia",ACTIVE,PNP,PNPS008,Chaom Chau Ti Muoy 02,Chaom Chau Ti Muoy 02,0244350,0886479090,PNP,Phnom Penh Branch,Phnom Penh Branch,POST,POST,POST,11.532598,104.870151,PNPS008 | Chaom Chau Ti Muoy 02 | 0244350 | PNP | Phnom Penh | Chamkar Mon | POST
TEST,MAPBCCS,AGENT,0314930000,Phnom Penh,Chamkar Mon,MAPBCCS,"MAPBCCS, Chamkar Mon, Phnom Penh, Cambodia",ACTIVE,PNP,TEST,MAPBCCS,MAPBCCS,0314930000,0886479090,PNP,Phnom Penh Branch,Phnom Penh Branch,AGENT,AGENT,AGENT,11.55094,104.93591,TEST | MAPBCCS | 0314930000 | PNP | Phnom Penh | Chamkar Mon | AGENT
PRE040,Pea REANG,AGENT,0717740101,Prey Veng,Prey Veng,Pea REANG,"Pea REANG, Prey Veng, Prey Veng, Cambodia",ACTIVE,PRE,PRE040,Pea REANG,Pea REANG,0717740101,0712930022,PRE,Prey Veng,Prey Veng,AGENT,AGENT,AGENT,11.707276,105.15678,PRE040 | Pea REANG | 0717740101 | PRE | Prey Veng | Prey Veng | AGENT
PREA001,Prey Pnov 01,AGENT,0888814399,Prey Veng,Pea Reang,Prey Pnov 01,"Prey Pnov 01, Pea Reang, Prey Veng, Cambodia",ACTIVE,PRE,PREA001,Prey Pnov 01,Prey Pnov 01,0888814399,0712930022,PRE,Prey Veng,Prey Veng,AGENT,AGENT,AGENT,11.611617,105.367041,PREA001 | Prey Pnov 01 | 0888814399 | PRE | Prey Veng | Pea Reang | AGENT
PREA002,Prey Kanlaong,AGENT,0888864046,Prey Veng,Pur Rieng,Prey Kanlaong,"Prey Kanlaong, Pur Rieng, Prey Veng, Cambodia",ACTIVE,PRE,PREA002,Prey Kanlaong,Prey Kanlaong,0888864046,0712930022,PRE,Prey Veng,Prey Veng,AGENT,AGENT,AGENT,11.548952,105.321298,PREA002 | Prey Kanlaong | 0888864046 | PRE | Prey Veng | Pur Rieng | AGENT
PREA003,Svay Antor 01,AGENT,0888881669,Prey Veng,Svay Antor,Svay Antor 01,"Svay Antor 01, Svay Antor, Prey Veng, Cambodia",ACTIVE,PRE,PREA003,Svay Antor 01,Svay Antor 01,0888881669,0712930022,PRE,Prey Veng,Prey Veng,AGENT,AGENT,AGENT,11.571646,105.420105,PREA003 | Svay Antor 01 | 0888881669 | PRE | Prey Veng | Svay Antor | AGENT
PREA004,Svay Antor 02,AGENT,0977610036,Prey Veng,Svay Antor,Svay Antor 02,"Svay Antor 02, Svay Antor, Prey Veng, Cambodia",ACTIVE,PRE,PREA004,Svay Antor 02,Svay Antor 02,0977610036,0712930022,PRE,Prey Veng,Prey Veng,AGENT,AGENT,AGENT,11.59789,105.420474,PREA004 | Svay Antor 02 | 0977610036 | PRE | Prey Veng | Svay Antor | AGENT
PREA005,Preaek Ta Sar,AGENT,0718880188,Prey Veng,Pur Rieng,Preaek Ta Sar,"Preaek Ta Sar, Pur Rieng, Prey Veng, Cambodia",ACTIVE,PRE,PREA005,Preaek Ta Sar,Preaek Ta Sar,0718880188,0712930022,PRE,Prey Veng,Prey Veng,AGENT,AGENT,AGENT,11.5544,105.127824,PREA005 | Preaek Ta Sar | 0718880188 | PRE | Prey Veng | Pur Rieng | AGENT
PREA006,Prey Daeum Thnoeng,AGENT,0975161696,Prey Veng,Sithor Kandal,Prey Daeum Thnoeng,"Prey Daeum Thnoeng, Sithor Kandal, Prey Veng, Cambodia",ACTIVE,PRE,PREA006,Prey Daeum Thnoeng,Prey Daeum Thnoeng,0975161696,0712930022,PRE,Prey Veng,Prey Veng,AGENT,AGENT,AGENT,11.775516,105.369815,PREA006 | Prey Daeum Thnoeng | 0975161696 | PRE | Prey Veng | Sithor Kandal | AGENT
PREA007,Roka,AGENT,0887923737,Prey Veng,Peam Chor,Roka,"Roka, Peam Chor, Prey Veng, Cambodia",ACTIVE,PRE,PREA007,Roka,Roka,0887923737,0712930022,PRE,Prey Veng,Prey Veng,AGENT,AGENT,AGENT,11.664424,105.225004,PREA007 | Roka | 0887923737 | PRE | Prey Veng | Peam Chor | AGENT
PREA008,Prey Pnov 02,AGENT,068663933,Prey Veng,Pea Reang,Prey Pnov 02,"Prey Pnov 02, Pea Reang, Prey Veng, Cambodia",ACTIVE,PRE,PREA008,Prey Pnov 02,Prey Pnov 02,068663933,0712930022,PRE,Prey Veng,Prey Veng,AGENT,AGENT,AGENT,11.648247,105.34067,PREA008 | Prey Pnov 02 | 068663933 | PRE | Prey Veng | Pea Reang | AGENT
PREA009,Smaong Khang Cheung,AGENT,0717764777,Prey Veng,Kamchay Mear,Smaong Khang Cheung,"Smaong Khang Cheung, Kamchay Mear, Prey Veng, Cambodia",ACTIVE,PRE,PREA009,Smaong Khang Cheung,Smaong Khang Cheung,0717764777,0712930022,PRE,Prey Veng,Prey Veng,AGENT,AGENT,AGENT,11.553368,105.600953,PREA009 | Smaong Khang Cheung | 0717764777 | PRE | Prey Veng | Kamchay Mear | AGENT
PREA010,Tnaot,AGENT,0716638822,Prey Veng,Kanhchriech,Tnaot,"Tnaot, Kanhchriech, Prey Veng, Cambodia",ACTIVE,PRE,PREA010,Tnaot,Tnaot,0716638822,0712930022,PRE,Prey Veng,Prey Veng,AGENT,AGENT,AGENT,11.743958,105.530275,PREA010 | Tnaot | 0716638822 | PRE | Prey Veng | Kanhchriech | AGENT
PREA011,Kranhung,AGENT,0979227625,Prey Veng,Kamchay Mear,Kranhung,"Kranhung, Kamchay Mear, Prey Veng, Cambodia",ACTIVE,PRE,PREA011,Kranhung,Kranhung,0979227625,0712930022,PRE,Prey Veng,Prey Veng,AGENT,AGENT,AGENT,11.575922,105.662392,PREA011 | Kranhung | 0979227625 | PRE | Prey Veng | Kamchay Mear | AGENT
PREA012,Chres 01,AGENT,0713644302,Prey Veng,Me Sang,Chres 01,"Chres 01, Me Sang, Prey Veng, Cambodia",ACTIVE,PRE,PREA012,Chres 01,Chres 01,0713644302,0712930022,PRE,Prey Veng,Prey Veng,AGENT,AGENT,AGENT,11.342191,105.622593,PREA012 | Chres 01 | 0713644302 | PRE | Prey Veng | Me Sang | AGENT
PREA013,Prasat,AGENT,0314262232,Prey Veng,Kampong Trabaek,Prasat,"Prasat, Kampong Trabaek, Prey Veng, Cambodia",ACTIVE,PRE,PREA013,Prasat,Prasat,0314262232,0712930022,PRE,Prey Veng,Prey Veng,AGENT,AGENT,AGENT,11.147729,105.541211,PREA013 | Prasat | 0314262232 | PRE | Prey Veng | Kampong Trabaek | AGENT
PREA014,Angkor Sar,AGENT,0887732183,Prey Veng,Me Sang,Angkor Sar,"Angkor Sar, Me Sang, Prey Veng, Cambodia",ACTIVE,PRE,PREA014,Angkor Sar,Angkor Sar,0887732183,0712930022,PRE,Prey Veng,Prey Veng,AGENT,AGENT,AGENT,11.268447,105.667765,PREA014 | Angkor Sar | 0887732183 | PRE | Prey Veng | Me Sang | AGENT
PREA015,Banteay Chakrei 01,AGENT,090348958,Prey Veng,Preah Sdach,Banteay Chakrei 01,"Banteay Chakrei 01, Preah Sdach, Prey Veng, Cambodia",ACTIVE,PRE,PREA015,Banteay Chakrei 01,Banteay Chakrei 01,090348958,0712930022,PRE,Prey Veng,Prey Veng,AGENT,AGENT,AGENT,11.029347,105.378702,PREA015 | Banteay Chakrei 01 | 090348958 | PRE | Prey Veng | Preah Sdach | AGENT
PREA016,Boeng Preah,AGENT,0716909494,Prey Veng,Ba Phnum,Boeng Preah,"Boeng Preah, Ba Phnum, Prey Veng, Cambodia",ACTIVE,PRE,PREA016,Boeng Preah,Boeng Preah,0716909494,0712930022,PRE,Prey Veng,Prey Veng,AGENT,AGENT,AGENT,11.325107,105.440185,PREA016 | Boeng Preah | 0716909494 | PRE | Prey Veng | Ba Phnum | AGENT
PREA017,Preaek Khsay Kha,AGENT,090236222,Prey Veng,Peam Ro,Preaek Khsay Kha,"Preaek Khsay Kha, Peam Ro, Prey Veng, Cambodia",ACTIVE,PRE,PREA017,Preaek Khsay Kha,Preaek Khsay Kha,090236222,0712930022,PRE,Prey Veng,Prey Veng,AGENT,AGENT,AGENT,11.263423,105.284942,PREA017 | Preaek Khsay Kha | 090236222 | PRE | Prey Veng | Peam Ro | AGENT
PREA018,Prey Totueng,AGENT,0978381594,Prey Veng,Me Sang,Prey Totueng,"Prey Totueng, Me Sang, Prey Veng, Cambodia",ACTIVE,PRE,PREA018,Prey Totueng,Prey Totueng,0978381594,0712930022,PRE,Prey Veng,Prey Veng,AGENT,AGENT,AGENT,11.39061,105.609572,PREA018 | Prey Totueng | 0978381594 | PRE | Prey Veng | Me Sang | AGENT
PREA019,Kampong Trabaek,AGENT,0978993411,Prey Veng,Kamchay Mear,Kampong Trabaek,"Kampong Trabaek, Kamchay Mear, Prey Veng, Cambodia",ACTIVE,PRE,PREA019,Kampong Trabaek,Kampong Trabaek,0978993411,0712930022,PRE,Prey Veng,Prey Veng,AGENT,AGENT,AGENT,11.142464,105.482792,PREA019 | Kampong Trabaek | 0978993411 | PRE | Prey Veng | Kamchay Mear | AGENT
PREA020,Angkor Reach,AGENT,0978931026,Prey Veng,Preah Sdach,Angkor Reach,"Angkor Reach, Preah Sdach, Prey Veng, Cambodia",ACTIVE,PRE,PREA020,Angkor Reach,Angkor Reach,0978931026,0712930022,PRE,Prey Veng,Prey Veng,AGENT,AGENT,AGENT,11.095309,105.384188,PREA020 | Angkor Reach | 0978931026 | PRE | Prey Veng | Preah Sdach | AGENT
PREA021,Banteay Chakrei 02,AGENT,0714884338,Prey Veng,Preah Sdach,Banteay Chakrei 02,"Banteay Chakrei 02, Preah Sdach, Prey Veng, Cambodia",ACTIVE,PRE,PREA021,Banteay Chakrei 02,Banteay Chakrei 02,0714884338,0712930022,PRE,Prey Veng,Prey Veng,AGENT,AGENT,AGENT,10.966321,105.42245,PREA021 | Banteay Chakrei 02 | 0714884338 | PRE | Prey Veng | Preah Sdach | AGENT
PREA022,Chres 02,AGENT,0979060115,Prey Veng,Me Sang,Chres 02,"Chres 02, Me Sang, Prey Veng, Cambodia",ACTIVE,PRE,PREA022,Chres 02,Chres 02,0979060115,0712930022,PRE,Prey Veng,Prey Veng,AGENT,AGENT,AGENT,11.352907,105.646832,PREA022 | Chres 02 | 0979060115 | PRE | Prey Veng | Me Sang | AGENT
PREA023,Peam Ro,AGENT,0314440002,Prey Veng,Peam Ro,Peam Ro,"Peam Ro, Peam Ro, Prey Veng, Cambodia",ACTIVE,PRE,PREA023,Peam Ro,Peam Ro,0314440002,0712930022,PRE,Prey Veng,Prey Veng,AGENT,AGENT,AGENT,11.32042,105.283219,PREA023 | Peam Ro | 0314440002 | PRE | Prey Veng | Peam Ro | AGENT
PREA024,Chheu Kach,AGENT,0315555262,Prey Veng,Ba Phnum,Chheu Kach,"Chheu Kach, Ba Phnum, Prey Veng, Cambodia",ACTIVE,PRE,PREA024,Chheu Kach,Chheu Kach,0315555262,0712930022,PRE,Prey Veng,Prey Veng,AGENT,AGENT,AGENT,11.256568,105.400833,PREA024 | Chheu Kach | 0315555262 | PRE | Prey Veng | Ba Phnum | AGENT
PREA025,Peam Muntear,AGENT,0712220180,Prey Veng,Prey Veng,Peam Muntear,"Peam Muntear, Prey Veng, Prey Veng, Cambodia",ACTIVE,PRE,PREA025,Peam Muntear,Peam Muntear,0712220180,0712930022,PRE,Prey Veng,Prey Veng,AGENT,AGENT,AGENT,11.008778,105.464324,PREA025 | Peam Muntear | 0712220180 | PRE | Prey Veng | Prey Veng | AGENT
PREA026,Prey Tueng,AGENT,0314874949,Prey Veng,Sithor Kandal,Prey Tueng,"Prey Tueng, Sithor Kandal, Prey Veng, Cambodia",ACTIVE,PRE,PREA026,Prey Tueng,Prey Tueng,0314874949,0712930022,PRE,Prey Veng,Prey Veng,AGENT,AGENT,AGENT,11.739997,105.372161,PREA026 | Prey Tueng | 0314874949 | PRE | Prey Veng | Sithor Kandal | AGENT
PREA027,CHHEANG SEANGKHIN,AGENT,090772299,Prey Veng,Prey Veng,CHHEANG SEANGKHIN,"CHHEANG SEANGKHIN, Prey Veng, Prey Veng, Cambodia",ACTIVE,PRE,PREA027,CHHEANG SEANGKHIN,CHHEANG SEANGKHIN,090772299,0712930022,PRE,Prey Veng,Prey Veng,AGENT,AGENT,AGENT,11.31939,105.399572,PREA027 | CHHEANG SEANGKHIN | 090772299 | PRE | Prey Veng | Prey Veng | AGENT
PREA028,Sao Raksmey,AGENT,0972706439,Prey Veng,Prey Veng,Sao Raksmey,"Sao Raksmey, Prey Veng, Prey Veng, Cambodia",ACTIVE,PRE,PREA028,Sao Raksmey,Sao Raksmey,0972706439,0712930022,PRE,Prey Veng,Prey Veng,AGENT,AGENT,AGENT,11.84313,105.370159,PREA028 | Sao Raksmey | 0972706439 | PRE | Prey Veng | Prey Veng | AGENT
PREA029,Kampong Soeng,AGENT,0884653111,Prey Veng,Preah Sdach,Kampong Soeng,"Kampong Soeng, Preah Sdach, Prey Veng, Cambodia",ACTIVE,PRE,PREA029,Kampong Soeng,Kampong Soeng,0884653111,0712930022,PRE,Prey Veng,Prey Veng,AGENT,AGENT,AGENT,11.215623,105.347501,PREA029 | Kampong Soeng | 0884653111 | PRE | Prey Veng | Preah Sdach | AGENT
PREA030,Me Sang,AGENT,0317000006,Prey Veng,Prey Veng,Me Sang,"Me Sang, Prey Veng, Prey Veng, Cambodia",ACTIVE,PRE,PREA030,Me Sang,Me Sang,0317000006,0712930022,PRE,Prey Veng,Prey Veng,AGENT,AGENT,AGENT,11.327182,105.541394,PREA030 | Me Sang | 0317000006 | PRE | Prey Veng | Prey Veng | AGENT
PREA031,Kampong Trabaek,AGENT,0889916636,Prey Veng,Kamchay Mear,Kampong Trabaek,"Kampong Trabaek, Kamchay Mear, Prey Veng, Cambodia",ACTIVE,PRE,PREA031,Kampong Trabaek,Kampong Trabaek,0889916636,0712930022,PRE,Prey Veng,Prey Veng,AGENT,AGENT,AGENT,11.197135,105.515982,PREA031 | Kampong Trabaek | 0889916636 | PRE | Prey Veng | Kamchay Mear | AGENT
PREA032,Peam Ro,AGENT,0884311255,Prey Veng,Peam Ro,Peam Ro,"Peam Ro, Peam Ro, Prey Veng, Cambodia",ACTIVE,PRE,PREA032,Peam Ro,Peam Ro,0884311255,0712930022,PRE,Prey Veng,Prey Veng,AGENT,AGENT,AGENT,11.343899,105.305749,PREA032 | Peam Ro | 0884311255 | PRE | Prey Veng | Peam Ro | AGENT
PREA033,Svay Antor,AGENT,0716334505,Prey Veng,Svay Antor,Svay Antor,"Svay Antor, Svay Antor, Prey Veng, Cambodia",ACTIVE,PRE,PREA033,Svay Antor,Svay Antor,0716334505,0712930022,PRE,Prey Veng,Prey Veng,AGENT,AGENT,AGENT,11.462464,105.498355,PREA033 | Svay Antor | 0716334505 | PRE | Prey Veng | Svay Antor | AGENT
PREA034,Kamchay Mear,AGENT,0712897000,Prey Veng,Prey Veng,Kamchay Mear,"Kamchay Mear, Prey Veng, Prey Veng, Cambodia",ACTIVE,PRE,PREA034,Kamchay Mear,Kamchay Mear,0712897000,0712930022,PRE,Prey Veng,Prey Veng,AGENT,AGENT,AGENT,11.62477,105.761708,PREA034 | Kamchay Mear | 0712897000 | PRE | Prey Veng | Prey Veng | AGENT
PREA035,Preach Sdach,AGENT,066699942,Prey Veng,Prey Veng,Preach Sdach,"Preach Sdach, Prey Veng, Prey Veng, Cambodia",ACTIVE,PRE,PREA035,Preach Sdach,Preach Sdach,066699942,0712930022,PRE,Prey Veng,Prey Veng,AGENT,AGENT,AGENT,10.974233,105.36526,PREA035 | Preach Sdach | 066699942 | PRE | Prey Veng | Prey Veng | AGENT
PREA036,Preach Sdach,AGENT,0977752906,Prey Veng,Prey Veng,Preach Sdach,"Preach Sdach, Prey Veng, Prey Veng, Cambodia",ACTIVE,PRE,PREA036,Preach Sdach,Preach Sdach,0977752906,0712930022,PRE,Prey Veng,Prey Veng,AGENT,AGENT,AGENT,11.110392,105.313643,PREA036 | Preach Sdach | 0977752906 | PRE | Prey Veng | Prey Veng | AGENT
PREA037,Preach Sdach,AGENT,0888897456,Prey Veng,Prey Veng,Preach Sdach,"Preach Sdach, Prey Veng, Prey Veng, Cambodia",ACTIVE,PRE,PREA037,Preach Sdach,Preach Sdach,0888897456,0712930022,PRE,Prey Veng,Prey Veng,AGENT,AGENT,AGENT,11.093123,105.434534,PREA037 | Preach Sdach | 0888897456 | PRE | Prey Veng | Prey Veng | AGENT
PREA038,Svay Antor,AGENT,0718000166,Prey Veng,Svay Antor,Svay Antor,"Svay Antor, Svay Antor, Prey Veng, Cambodia",ACTIVE,PRE,PREA038,Svay Antor,Svay Antor,0718000166,0712930022,PRE,Prey Veng,Prey Veng,AGENT,AGENT,AGENT,11.494037,105.531945,PREA038 | Svay Antor | 0718000166 | PRE | Prey Veng | Svay Antor | AGENT
PREA039,Kanhchriech,AGENT,0319800009,Prey Veng,Kanhchriech,Kanhchriech,"Kanhchriech, Kanhchriech, Prey Veng, Cambodia",ACTIVE,PRE,PREA039,Kanhchriech,Kanhchriech,0319800009,0712930022,PRE,Prey Veng,Prey Veng,AGENT,AGENT,AGENT,11.689623,105.562573,PREA039 | Kanhchriech | 0319800009 | PRE | Prey Veng | Kanhchriech | AGENT
PREA041,Peam Chor,AGENT,0886475724,Prey Veng,Prey Veng,Peam Chor,"Peam Chor, Prey Veng, Prey Veng, Cambodia",ACTIVE,PRE,PREA041,Peam Chor,Peam Chor,0886475724,0712930022,PRE,Prey Veng,Prey Veng,AGENT,AGENT,AGENT,10.918399,105.198258,PREA041 | Peam Chor | 0886475724 | PRE | Prey Veng | Prey Veng | AGENT
PREA042,Pur Rieng,AGENT,0315997878,Prey Veng,Prey Veng,Pur Rieng,"Pur Rieng, Prey Veng, Prey Veng, Cambodia",ACTIVE,PRE,PREA042,Pur Rieng,Pur Rieng,0315997878,0712930022,PRE,Prey Veng,Prey Veng,AGENT,AGENT,AGENT,11.581067,105.215352,PREA042 | Pur Rieng | 0315997878 | PRE | Prey Veng | Prey Veng | AGENT
PREA043,Peam Chor,AGENT,0977936366,Prey Veng,Prey Veng,Peam Chor,"Peam Chor, Prey Veng, Prey Veng, Cambodia",ACTIVE,PRE,PREA043,Peam Chor,Peam Chor,0977936366,0712930022,PRE,Prey Veng,Prey Veng,AGENT,AGENT,AGENT,11.012365,105.266483,PREA043 | Peam Chor | 0977936366 | PRE | Prey Veng | Prey Veng | AGENT
PREA044,Pea Reang,AGENT,0886340555,Prey Veng,Prey Veng,Pea Reang,"Pea Reang, Prey Veng, Prey Veng, Cambodia",ACTIVE,PRE,PREA044,Pea Reang,Pea Reang,0886340555,0712930022,PRE,Prey Veng,Prey Veng,AGENT,AGENT,AGENT,11.64663,105.124823,PREA044 | Pea Reang | 0886340555 | PRE | Prey Veng | Prey Veng | AGENT
PREA045,Kampong Trabaek,AGENT,0312333800,Prey Veng,Kamchay Mear,Kampong Trabaek,"Kampong Trabaek, Kamchay Mear, Prey Veng, Cambodia",ACTIVE,PRE,PREA045,Kampong Trabaek,Kampong Trabaek,0312333800,0712930022,PRE,Prey Veng,Prey Veng,AGENT,AGENT,AGENT,11.037726,105.56206,PREA045 | Kampong Trabaek | 0312333800 | PRE | Prey Veng | Kamchay Mear | AGENT
PREA046,Kampong Trabaek,AGENT,0314938899,Prey Veng,Kamchay Mear,Kampong Trabaek,"Kampong Trabaek, Kamchay Mear, Prey Veng, Cambodia",ACTIVE,PRE,PREA046,Kampong Trabaek,Kampong Trabaek,0314938899,0712930022,PRE,Prey Veng,Prey Veng,AGENT,AGENT,AGENT,10.986465,105.553532,PREA046 | Kampong Trabaek | 0314938899 | PRE | Prey Veng | Kamchay Mear | AGENT
PREA047,Peam Chor,AGENT,0719444467,Prey Veng,Prey Veng,Peam Chor,"Peam Chor, Prey Veng, Prey Veng, Cambodia",ACTIVE,PRE,PREA047,Peam Chor,Peam Chor,0719444467,0712930022,PRE,Prey Veng,Prey Veng,AGENT,AGENT,AGENT,11.1976,105.268524,PREA047 | Peam Chor | 0719444467 | PRE | Prey Veng | Prey Veng | AGENT
PREA048,Me Sang,AGENT,0979879167,Prey Veng,Prey Veng,Me Sang,"Me Sang, Prey Veng, Prey Veng, Cambodia",ACTIVE,PRE,PREA048,Me Sang,Me Sang,0979879167,0712930022,PRE,Prey Veng,Prey Veng,AGENT,AGENT,AGENT,11.3383,105.5627,PREA048 | Me Sang | 0979879167 | PRE | Prey Veng | Prey Veng | AGENT
PREA050,Pea Reang,AGENT,0314444773,Prey Veng,Prey Veng,Pea Reang,"Pea Reang, Prey Veng, Prey Veng, Cambodia",ACTIVE,PRE,PREA050,Pea Reang,Pea Reang,0314444773,0712930022,PRE,Prey Veng,Prey Veng,AGENT,AGENT,AGENT,11.705862,105.303983,PREA050 | Pea Reang | 0314444773 | PRE | Prey Veng | Prey Veng | AGENT
PREP001,Prey Veng,POST,0712930022,Prey Veng,Prey Veng,Prey Veng,"Prey Veng, Prey Veng, Prey Veng, Cambodia",ACTIVE,PRE,PREP001,Prey Veng,Prey Veng,0712930022,0712930022,PRE,Prey Veng,Prey Veng,POST,POST,POST,11.4895,105.329192,PREP001 | Prey Veng | 0712930022 | PRE | Prey Veng | Prey Veng | POST
PRES001,Kampong Leav,POST,0973330402,Prey Veng,Prey Veng,Kampong Leav,"Kampong Leav, Prey Veng, Prey Veng, Cambodia",ACTIVE,PRE,PRES001,Kampong Leav,Kampong Leav,0973330402,0712930022,PRE,Prey Veng,Prey Veng,POST,POST,POST,11.486712,105.326166,PRES001 | Kampong Leav | 0973330402 | PRE | Prey Veng | Prey Veng | POST
PRES002,Preaek Khsay Kha,POST,0889401311,Prey Veng,Peam Ro,Preaek Khsay Kha,"Preaek Khsay Kha, Peam Ro, Prey Veng, Cambodia",ACTIVE,PRE,PRES002,Preaek Khsay Kha,Preaek Khsay Kha,0889401311,0712930022,PRE,Prey Veng,Prey Veng,POST,POST,POST,11.261454,105.289131,PRES002 | Preaek Khsay Kha | 0889401311 | PRE | Prey Veng | Peam Ro | POST
PRES003,Chheu Kach,POST,0264317,Prey Veng,Ba Phnum,Chheu Kach,"Chheu Kach, Ba Phnum, Prey Veng, Cambodia",ACTIVE,PRE,PRES003,Chheu Kach,Chheu Kach,0264317,0712930022,PRE,Prey Veng,Prey Veng,POST,POST,POST,11.256791,105.400789,PRES003 | Chheu Kach | 0264317 | PRE | Prey Veng | Ba Phnum | POST
PRES004,Chheu Kach,POST,068406208,Prey Veng,Ba Phnum,Chheu Kach,"Chheu Kach, Ba Phnum, Prey Veng, Cambodia",ACTIVE,PRE,PRES004,Chheu Kach,Chheu Kach,068406208,0712930022,PRE,Prey Veng,Prey Veng,POST,POST,POST,11.256732,105.400851,PRES004 | Chheu Kach | 068406208 | PRE | Prey Veng | Ba Phnum | POST
PRES005,Roka,POST,0973856137,Prey Veng,Peam Chor,Roka,"Roka, Peam Chor, Prey Veng, Cambodia",ACTIVE,PRE,PRES005,Roka,Roka,0973856137,0712930022,PRE,Prey Veng,Prey Veng,POST,POST,POST,11.663987,105.221573,PRES005 | Roka | 0973856137 | PRE | Prey Veng | Peam Chor | POST
PRHA001,Pal Hal,AGENT,0972269860,Preah Vihear,Preah Vihear,Pal Hal,"Pal Hal, Preah Vihear, Preah Vihear, Cambodia",ACTIVE,PRH,PRHA001,Pal Hal,Pal Hal,0972269860,0974477281,PRH,Preah Vihear,Preah Vihear,AGENT,AGENT,AGENT,13.737871,104.978647,PRHA001 | Pal Hal | 0972269860 | PRH | Preah Vihear | Preah Vihear | AGENT
PRHA002,Toek Kraham,AGENT,0974833461,Preah Vihear,Preah Vihear,Toek Kraham,"Toek Kraham, Preah Vihear, Preah Vihear, Cambodia",ACTIVE,PRH,PRHA002,Toek Kraham,Toek Kraham,0974833461,0974477281,PRH,Preah Vihear,Preah Vihear,AGENT,AGENT,AGENT,14.148894,105.082134,PRHA002 | Toek Kraham | 0974833461 | PRH | Preah Vihear | Preah Vihear | AGENT
PRHA003,Rumdaoh Srae,AGENT,066286770,Preah Vihear,Choam Ksant,Rumdaoh Srae,"Rumdaoh Srae, Choam Ksant, Preah Vihear, Cambodia",ACTIVE,PRH,PRHA003,Rumdaoh Srae,Rumdaoh Srae,066286770,0974477281,PRH,Preah Vihear,Preah Vihear,AGENT,AGENT,AGENT,14.171889,104.787173,PRHA003 | Rumdaoh Srae | 066286770 | PRH | Preah Vihear | Choam Ksant | AGENT
PRHA004,Kantuot,AGENT,0889903333,Preah Vihear,Choam Ksant,Kantuot,"Kantuot, Choam Ksant, Preah Vihear, Cambodia",ACTIVE,PRH,PRHA004,Kantuot,Kantuot,0889903333,0974477281,PRH,Preah Vihear,Preah Vihear,AGENT,AGENT,AGENT,14.238194,104.728915,PRHA004 | Kantuot | 0889903333 | PRH | Preah Vihear | Choam Ksant | AGENT
PRHA005,Kuleaen Tboung,AGENT,0313309030,Preah Vihear,Kuleaen,Kuleaen Tboung,"Kuleaen Tboung, Kuleaen, Preah Vihear, Cambodia",ACTIVE,PRH,PRHA005,Kuleaen Tboung,Kuleaen Tboung,0313309030,0974477281,PRH,Preah Vihear,Preah Vihear,AGENT,AGENT,AGENT,13.818537,104.702415,PRHA005 | Kuleaen Tboung | 0313309030 | PRH | Preah Vihear | Kuleaen | AGENT
PRHA006,Choam Khsan,AGENT,0316692222,Preah Vihear,Preah Vihear,Choam Khsan,"Choam Khsan, Preah Vihear, Preah Vihear, Cambodia",ACTIVE,PRH,PRHA006,Choam Khsan,Choam Khsan,0316692222,0974477281,PRH,Preah Vihear,Preah Vihear,AGENT,AGENT,AGENT,14.220675,104.943625,PRHA006 | Choam Khsan | 0316692222 | PRH | Preah Vihear | Preah Vihear | AGENT
PRHA007,Kampong Sralau Pir,AGENT,0977477105,Preah Vihear,Chhaeb,Kampong Sralau Pir,"Kampong Sralau Pir, Chhaeb, Preah Vihear, Cambodia",ACTIVE,PRH,PRHA007,Kampong Sralau Pir,Kampong Sralau Pir,0977477105,0974477281,PRH,Preah Vihear,Preah Vihear,AGENT,AGENT,AGENT,13.975337,105.848255,PRHA007 | Kampong Sralau Pir | 0977477105 | PRH | Preah Vihear | Chhaeb | AGENT
PRHA008,Chamraeun,AGENT,0979999660,Preah Vihear,Sangkum Thmei,Chamraeun,"Chamraeun, Sangkum Thmei, Preah Vihear, Cambodia",ACTIVE,PRH,PRHA008,Chamraeun,Chamraeun,0979999660,0974477281,PRH,Preah Vihear,Preah Vihear,AGENT,AGENT,AGENT,13.579335,104.896452,PRHA008 | Chamraeun | 0979999660 | PRH | Preah Vihear | Sangkum Thmei | AGENT
PRHA009,S'ang,AGENT,0887799550,Preah Vihear,Chey Saen,S'ang,"S'ang, Chey Saen, Preah Vihear, Cambodia",ACTIVE,PRH,PRHA009,S'ang,S'ang,0887799550,0974477281,PRH,Preah Vihear,Preah Vihear,AGENT,AGENT,AGENT,13.653966,105.260717,PRHA009 | S'ang | 0887799550 | PRH | Preah Vihear | Chey Saen | AGENT
PRHA010,Preah Khleang,AGENT,0883220036,Preah Vihear,Tbaeng Mean Chey,Preah Khleang,"Preah Khleang, Tbaeng Mean Chey, Preah Vihear, Cambodia",ACTIVE,PRH,PRHA010,Preah Khleang,Preah Khleang,0883220036,0974477281,PRH,Preah Vihear,Preah Vihear,AGENT,AGENT,AGENT,13.620566,105.030259,PRHA010 | Preah Khleang | 0883220036 | PRH | Preah Vihear | Tbaeng Mean Chey | AGENT
PRHA011,Robieb,AGENT,0972123227,Preah Vihear,Rovieng,Robieb,"Robieb, Rovieng, Preah Vihear, Cambodia",ACTIVE,PRH,PRHA011,Robieb,Robieb,0972123227,0974477281,PRH,Preah Vihear,Preah Vihear,AGENT,AGENT,AGENT,13.357681,105.114889,PRHA011 | Robieb | 0972123227 | PRH | Preah Vihear | Rovieng | AGENT
PRHA012,Chhaeb Muoy,AGENT,0977268488,Preah Vihear,Chhaeb,Chhaeb Muoy,"Chhaeb Muoy, Chhaeb, Preah Vihear, Cambodia",ACTIVE,PRH,PRHA012,Chhaeb Muoy,Chhaeb Muoy,0977268488,0974477281,PRH,Preah Vihear,Preah Vihear,AGENT,AGENT,AGENT,13.768454,105.408876,PRHA012 | Chhaeb Muoy | 0977268488 | PRH | Preah Vihear | Chhaeb | AGENT
PRHA013,Rummeakney,AGENT,0312353506,Preah Vihear,Preah Vihear,Rummeakney,"Rummeakney, Preah Vihear, Preah Vihear, Cambodia",ACTIVE,PRH,PRHA013,Rummeakney,Rummeakney,0312353506,0974477281,PRH,Preah Vihear,Preah Vihear,AGENT,AGENT,AGENT,13.304101,105.002355,PRHA013 | Rummeakney | 0312353506 | PRH | Preah Vihear | Preah Vihear | AGENT
PRHA015,Phnum Tbaeng Pir,AGENT,0975434842,Preah Vihear,Kuleaen,Phnum Tbaeng Pir,"Phnum Tbaeng Pir, Kuleaen, Preah Vihear, Cambodia",ACTIVE,PRH,PRHA015,Phnum Tbaeng Pir,Phnum Tbaeng Pir,0975434842,0974477281,PRH,Preah Vihear,Preah Vihear,AGENT,AGENT,AGENT,13.716508,104.77564,PRHA015 | Phnum Tbaeng Pir | 0975434842 | PRH | Preah Vihear | Kuleaen | AGENT
PRHA016,Srayang,AGENT,0882224111,Preah Vihear,Kuleaen,Srayang,"Srayang, Kuleaen, Preah Vihear, Cambodia",ACTIVE,PRH,PRHA016,Srayang,Srayang,0882224111,0974477281,PRH,Preah Vihear,Preah Vihear,AGENT,AGENT,AGENT,13.705809,104.545423,PRHA016 | Srayang | 0882224111 | PRH | Preah Vihear | Kuleaen | AGENT
PRHA017,Sroyang Market,AGENT,0314555596,Preah Vihear,Preah Vihear,Sroyang Market,"Sroyang Market, Preah Vihear, Preah Vihear, Cambodia",ACTIVE,PRH,PRHA017,Sroyang Market,Sroyang Market,0314555596,0974477281,PRH,Preah Vihear,Preah Vihear,AGENT,AGENT,AGENT,13.703427,104.5541989,PRHA017 | Sroyang Market | 0314555596 | PRH | Preah Vihear | Preah Vihear | AGENT
PRHP001,Preah Vihear,POST,0974477281,Preah Vihear,Preah Vihear,Preah Vihear,"Preah Vihear, Preah Vihear, Preah Vihear, Cambodia",ACTIVE,PRH,PRHP001,Preah Vihear,Preah Vihear,0974477281,0974477281,PRH,Preah Vihear,Preah Vihear,POST,POST,POST,13.794295,104.97836,PRHP001 | Preah Vihear | 0974477281 | PRH | Preah Vihear | Preah Vihear | POST
PRHS001,Kampong Pranak,POST,0977778830,Preah Vihear,Preah Vihear,Kampong Pranak,"Kampong Pranak, Preah Vihear, Preah Vihear, Cambodia",ACTIVE,PRH,PRHS001,Kampong Pranak,Kampong Pranak,0977778830,0974477281,PRH,Preah Vihear,Preah Vihear,POST,POST,POST,13.805255,104.97862,PRHS001 | Kampong Pranak | 0977778830 | PRH | Preah Vihear | Preah Vihear | POST
PURA001,Kandieng,AGENT,0975599822,Pursat,Kandieng,Kandieng,"Kandieng, Kandieng, Pursat, Cambodia",ACTIVE,PUR,PURA001,Kandieng,Kandieng,0975599822,0977738488,PUR,Pursat,Pursat,AGENT,AGENT,AGENT,12.584246,103.956298,PURA001 | Kandieng | 0975599822 | PUR | Pursat | Kandieng | AGENT
PURA002,Srae Sdok,AGENT,060382388,Pursat,Kandieng,Srae Sdok,"Srae Sdok, Kandieng, Pursat, Cambodia",ACTIVE,PUR,PURA002,Srae Sdok,Srae Sdok,060382388,0977738488,PUR,Pursat,Pursat,AGENT,AGENT,AGENT,12.662178,103.94826,PURA002 | Srae Sdok | 060382388 | PUR | Pursat | Kandieng | AGENT
PURA003,Chheu Tom,AGENT,0712510096,Pursat,Krakor,Chheu Tom,"Chheu Tom, Krakor, Pursat, Cambodia",ACTIVE,PUR,PURA003,Chheu Tom,Chheu Tom,0712510096,0977738488,PUR,Pursat,Pursat,AGENT,AGENT,AGENT,12.296662,104.174028,PURA003 | Chheu Tom | 0712510096 | PUR | Pursat | Krakor | AGENT
PURA004,Phteah Rung,AGENT,0883656115,Pursat,Ta Lou Senchey,Phteah Rung,"Phteah Rung, Ta Lou Senchey, Pursat, Cambodia",ACTIVE,PUR,PURA004,Phteah Rung,Phteah Rung,0883656115,0977738488,PUR,Pursat,Pursat,AGENT,AGENT,AGENT,12.423372,103.729909,PURA004 | Phteah Rung | 0883656115 | PUR | Pursat | Ta Lou Senchey | AGENT
PURA005,Sna Ansa,AGENT,0977934754,Pursat,Krakor,Sna Ansa,"Sna Ansa, Krakor, Pursat, Cambodia",ACTIVE,PUR,PURA005,Sna Ansa,Sna Ansa,0977934754,0977738488,PUR,Pursat,Pursat,AGENT,AGENT,AGENT,12.53697,104.145334,PURA005 | Sna Ansa | 0977934754 | PUR | Pursat | Krakor | AGENT
PURA006,Leach,AGENT,0973333773,Pursat,Phnum Kravanh,Leach,"Leach, Phnum Kravanh, Pursat, Cambodia",ACTIVE,PUR,PURA006,Leach,Leach,0973333773,0977738488,PUR,Pursat,Pursat,AGENT,AGENT,AGENT,12.351028,103.768345,PURA006 | Leach | 0973333773 | PUR | Pursat | Phnum Kravanh | AGENT
PURA007,Ta Lou 01,AGENT,0715421918,Pursat,Ta Lou Senchey,Ta Lou 01,"Ta Lou 01, Ta Lou Senchey, Pursat, Cambodia",ACTIVE,PUR,PURA007,Ta Lou 01,Ta Lou 01,0715421918,0977738488,PUR,Pursat,Pursat,AGENT,AGENT,AGENT,12.4878,103.5941,PURA007 | Ta Lou 01 | 0715421918 | PUR | Pursat | Ta Lou Senchey | AGENT
PURA008,Anlung Tnaot,AGENT,0974178777,Pursat,Pursat,Anlung Tnaot,"Anlung Tnaot, Pursat, Pursat, Cambodia",ACTIVE,PUR,PURA008,Anlung Tnaot,Anlung Tnaot,0974178777,0977738488,PUR,Pursat,Pursat,AGENT,AGENT,AGENT,12.533559,104.204472,PURA008 | Anlung Tnaot | 0974178777 | PUR | Pursat | Pursat | AGENT
PURA009,Me Tuek,AGENT,067300991,Pursat,Bakan,Me Tuek,"Me Tuek, Bakan, Pursat, Cambodia",ACTIVE,PUR,PURA009,Me Tuek,Me Tuek,067300991,0977738488,PUR,Pursat,Pursat,AGENT,AGENT,AGENT,12.69584,103.740165,PURA009 | Me Tuek | 067300991 | PUR | Pursat | Bakan | AGENT
PURA010,Pramaoy 01,AGENT,0889002282,Pursat,Veal Veaeng,Pramaoy 01,"Pramaoy 01, Veal Veaeng, Pursat, Cambodia",ACTIVE,PUR,PURA010,Pramaoy 01,Pramaoy 01,0889002282,0977738488,PUR,Pursat,Pursat,AGENT,AGENT,AGENT,12.306994,103.095853,PURA010 | Pramaoy 01 | 0889002282 | PUR | Pursat | Veal Veaeng | AGENT
PURA011,Pramaoy 02,AGENT,0884370168,Pursat,Veal Veaeng,Pramaoy 02,"Pramaoy 02, Veal Veaeng, Pursat, Cambodia",ACTIVE,PUR,PURA011,Pramaoy 02,Pramaoy 02,0884370168,0977738488,PUR,Pursat,Pursat,AGENT,AGENT,AGENT,12.355181,103.469557,PURA011 | Pramaoy 02 | 0884370168 | PUR | Pursat | Veal Veaeng | AGENT
PURA012,Ou Ta Paong,AGENT,0977395398,Pursat,Bakan,Ou Ta Paong,"Ou Ta Paong, Bakan, Pursat, Cambodia",ACTIVE,PUR,PURA012,Ou Ta Paong,Ou Ta Paong,0977395398,0977738488,PUR,Pursat,Pursat,AGENT,AGENT,AGENT,12.660656,103.670925,PURA012 | Ou Ta Paong | 0977395398 | PUR | Pursat | Bakan | AGENT
PURA013,Ou Saom,AGENT,0889469666,Pursat,Veal Veaeng,Ou Saom,"Ou Saom, Veal Veaeng, Pursat, Cambodia",ACTIVE,PUR,PURA013,Ou Saom,Ou Saom,0889469666,0977738488,PUR,Pursat,Pursat,AGENT,AGENT,AGENT,12.080807,103.205989,PURA013 | Ou Saom | 0889469666 | PUR | Pursat | Veal Veaeng | AGENT
PURA014,Snam Preah,AGENT,0976632663,Pursat,Bakan,Snam Preah,"Snam Preah, Bakan, Pursat, Cambodia",ACTIVE,PUR,PURA014,Snam Preah,Snam Preah,0976632663,0977738488,PUR,Pursat,Pursat,AGENT,AGENT,AGENT,12.626963,103.836676,PURA014 | Snam Preah | 0976632663 | PUR | Pursat | Bakan | AGENT
PURA015,Ou Sandan,AGENT,0977990073,Pursat,Krakor,Ou Sandan,"Ou Sandan, Krakor, Pursat, Cambodia",ACTIVE,PUR,PURA015,Ou Sandan,Ou Sandan,0977990073,0977738488,PUR,Pursat,Pursat,AGENT,AGENT,AGENT,12.557407,104.114851,PURA015 | Ou Sandan | 0977990073 | PUR | Pursat | Krakor | AGENT
PURA016,Ta Lou 02,AGENT,0966719553,Pursat,Ta Lou Senchey,Ta Lou 02,"Ta Lou 02, Ta Lou Senchey, Pursat, Cambodia",ACTIVE,PUR,PURA016,Ta Lou 02,Ta Lou 02,0966719553,0977738488,PUR,Pursat,Pursat,AGENT,AGENT,AGENT,12.4892,103.6503,PURA016 | Ta Lou 02 | 0966719553 | PUR | Pursat | Ta Lou Senchey | AGENT
PURA017,Boeng Khnar,AGENT,0713222192,Pursat,Bakan,Boeng Khnar,"Boeng Khnar, Bakan, Pursat, Cambodia",ACTIVE,PUR,PURA017,Boeng Khnar,Boeng Khnar,0713222192,0977738488,PUR,Pursat,Pursat,AGENT,AGENT,AGENT,12.632193,103.734616,PURA017 | Boeng Khnar | 0713222192 | PUR | Pursat | Bakan | AGENT
PURA018,Trapeang Chong,AGENT,0976877444,Pursat,Pursat,Trapeang Chong,"Trapeang Chong, Pursat, Pursat, Cambodia",ACTIVE,PUR,PURA018,Trapeang Chong,Trapeang Chong,0976877444,0977738488,PUR,Pursat,Pursat,AGENT,AGENT,AGENT,12.580989,103.737537,PURA018 | Trapeang Chong | 0976877444 | PUR | Pursat | Pursat | AGENT
PURP001,Pousat,POST,0977738488,Pursat,Pursat,Pousat,"Pousat, Pursat, Pursat, Cambodia",ACTIVE,PUR,PURP001,Pousat,Pousat,0977738488,0977738488,PUR,Pursat,Pursat,POST,POST,POST,12.53454,103.91531,PURP001 | Pousat | 0977738488 | PUR | Pursat | Pursat | POST
PURS001,Phteah Prey,POST,0268747,Pursat,Pursat,Phteah Prey,"Phteah Prey, Pursat, Pursat, Cambodia",ACTIVE,PUR,PURS001,Phteah Prey,Phteah Prey,0268747,0977738488,PUR,Pursat,Pursat,POST,POST,POST,12.537229,103.920705,PURS001 | Phteah Prey | 0268747 | PUR | Pursat | Pursat | POST
PURS002,Boeng Khnar,POST,0806941,Pursat,Bakan,Boeng Khnar,"Boeng Khnar, Bakan, Pursat, Cambodia",ACTIVE,PUR,PURS002,Boeng Khnar,Boeng Khnar,0806941,0977738488,PUR,Pursat,Pursat,POST,POST,POST,12.635697,103.72688,PURS002 | Boeng Khnar | 0806941 | PUR | Pursat | Bakan | POST
ROTA001,Trapeang Chres,AGENT,0974707171,Ratanak Kiri,Koun Mom,Trapeang Chres,"Trapeang Chres, Koun Mom, Ratanak Kiri, Cambodia",ACTIVE,ROT,ROTA001,Trapeang Chres,Trapeang Chres,0974707171,,ROT,Ratanak Kiri,Ratanak Kiri,AGENT,AGENT,AGENT,13.57925,106.772128,ROTA001 | Trapeang Chres | 0974707171 | ROT | Ratanak Kiri | Koun Mom | AGENT
ROTA002,Labansiek,AGENT,0975578077,Ratanak Kiri,Ban Lung,Labansiek,"Labansiek, Ban Lung, Ratanak Kiri, Cambodia",ACTIVE,ROT,ROTA002,Labansiek,Labansiek,0975578077,,ROT,Ratanak Kiri,Ratanak Kiri,AGENT,AGENT,AGENT,13.739982,106.991325,ROTA002 | Labansiek | 0975578077 | ROT | Ratanak Kiri | Ban Lung | AGENT
ROTA003,Ta Veaeng Leu,AGENT,0717272436,Ratanak Kiri,Ta Veaeng,Ta Veaeng Leu,"Ta Veaeng Leu, Ta Veaeng, Ratanak Kiri, Cambodia",ACTIVE,ROT,ROTA003,Ta Veaeng Leu,Ta Veaeng Leu,0717272436,,ROT,Ratanak Kiri,Ratanak Kiri,AGENT,AGENT,AGENT,14.045859,107.107888,ROTA003 | Ta Veaeng Leu | 0717272436 | ROT | Ratanak Kiri | Ta Veaeng | AGENT
ROTA004,Keh Chong,AGENT,0974970505,Ratanak Kiri,Bar Kaev,Keh Chong,"Keh Chong, Bar Kaev, Ratanak Kiri, Cambodia",ACTIVE,ROT,ROTA004,Keh Chong,Keh Chong,0974970505,,ROT,Ratanak Kiri,Ratanak Kiri,AGENT,AGENT,AGENT,13.751117,107.24869,ROTA004 | Keh Chong | 0974970505 | ROT | Ratanak Kiri | Bar Kaev | AGENT
ROTA005,Lum Choar,AGENT,0979818199,Ratanak Kiri,Ou Ya Dav,Lum Choar,"Lum Choar, Ou Ya Dav, Ratanak Kiri, Cambodia",ACTIVE,ROT,ROTA005,Lum Choar,Lum Choar,0979818199,,ROT,Ratanak Kiri,Ratanak Kiri,AGENT,AGENT,AGENT,13.670254,107.349959,ROTA005 | Lum Choar | 0979818199 | ROT | Ratanak Kiri | Ou Ya Dav | AGENT
ROTA006,Chey Otdam 01,AGENT,0977740002,Ratanak Kiri,Lumphat,Chey Otdam 01,"Chey Otdam 01, Lumphat, Ratanak Kiri, Cambodia",ACTIVE,ROT,ROTA006,Chey Otdam 01,Chey Otdam 01,0977740002,,ROT,Ratanak Kiri,Ratanak Kiri,AGENT,AGENT,AGENT,13.486692,106.981576,ROTA006 | Chey Otdam 01 | 0977740002 | ROT | Ratanak Kiri | Lumphat | AGENT
ROTA007,Malik,AGENT,0974538161,Ratanak Kiri,Andoung Meas,Malik,"Malik, Andoung Meas, Ratanak Kiri, Cambodia",ACTIVE,ROT,ROTA007,Malik,Malik,0974538161,,ROT,Ratanak Kiri,Ratanak Kiri,AGENT,AGENT,AGENT,13.865468,107.305068,ROTA007 | Malik | 0974538161 | ROT | Ratanak Kiri | Andoung Meas | AGENT
ROTA008,Kachanh 01,AGENT,0978252640,Ratanak Kiri,Ban Lung,Kachanh 01,"Kachanh 01, Ban Lung, Ratanak Kiri, Cambodia",ACTIVE,ROT,ROTA008,Kachanh 01,Kachanh 01,0978252640,,ROT,Ratanak Kiri,Ratanak Kiri,AGENT,AGENT,AGENT,13.719616,106.956511,ROTA008 | Kachanh 01 | 0978252640 | ROT | Ratanak Kiri | Ban Lung | AGENT
ROTA009,Kachanh 02,AGENT,0888989883,Ratanak Kiri,Ban Lung,Kachanh 02,"Kachanh 02, Ban Lung, Ratanak Kiri, Cambodia",ACTIVE,ROT,ROTA009,Kachanh 02,Kachanh 02,0888989883,,ROT,Ratanak Kiri,Ratanak Kiri,AGENT,AGENT,AGENT,13.713741,106.977345,ROTA009 | Kachanh 02 | 0888989883 | ROT | Ratanak Kiri | Ban Lung | AGENT
ROTA010,Teun,AGENT,0885949079,Ratanak Kiri,Koun Mom,Teun,"Teun, Koun Mom, Ratanak Kiri, Cambodia",ACTIVE,ROT,ROTA010,Teun,Teun,0885949079,,ROT,Ratanak Kiri,Ratanak Kiri,AGENT,AGENT,AGENT,13.683354,106.88182,ROTA010 | Teun | 0885949079 | ROT | Ratanak Kiri | Koun Mom | AGENT
ROTA011,Chey Otdam 02,AGENT,0975862533,Ratanak Kiri,Lumphat,Chey Otdam 02,"Chey Otdam 02, Lumphat, Ratanak Kiri, Cambodia",INACTIVE,ROT,ROTA011,Chey Otdam 02,Chey Otdam 02,0975862533,,ROT,Ratanak Kiri,Ratanak Kiri,AGENT,AGENT,AGENT,13.459472,106.95973,ROTA011 | Chey Otdam 02 | 0975862533 | ROT | Ratanak Kiri | Lumphat | AGENT
ROTA012,Ba Tang,AGENT,060929929,Ratanak Kiri,Lumphat,Ba Tang,"Ba Tang, Lumphat, Ratanak Kiri, Cambodia",ACTIVE,ROT,ROTA012,Ba Tang,Ba Tang,060929929,,ROT,Ratanak Kiri,Ratanak Kiri,AGENT,AGENT,AGENT,13.580911,106.957987,ROTA012 | Ba Tang | 060929929 | ROT | Ratanak Kiri | Lumphat | AGENT
ROTA013,Ou Chum,AGENT,0313377735,Ratanak Kiri,Ou Chum,Ou Chum,"Ou Chum, Ou Chum, Ratanak Kiri, Cambodia",ACTIVE,ROT,ROTA013,Ou Chum,Ou Chum,0313377735,,ROT,Ratanak Kiri,Ratanak Kiri,AGENT,AGENT,AGENT,13.796013,106.993309,ROTA013 | Ou Chum | 0313377735 | ROT | Ratanak Kiri | Ou Chum | AGENT
ROTA014,Trapeang Kraham 01,AGENT,0974821222,Ratanak Kiri,Koun Mom,Trapeang Kraham 01,"Trapeang Kraham 01, Koun Mom, Ratanak Kiri, Cambodia",ACTIVE,ROT,ROTA014,Trapeang Kraham 01,Trapeang Kraham 01,0974821222,,ROT,Ratanak Kiri,Ratanak Kiri,AGENT,AGENT,AGENT,13.508764,106.654464,ROTA014 | Trapeang Kraham 01 | 0974821222 | ROT | Ratanak Kiri | Koun Mom | AGENT
ROTA015,Veun Sai,AGENT,0978441069,Ratanak Kiri,Veun Sai,Veun Sai,"Veun Sai, Veun Sai, Ratanak Kiri, Cambodia",INACTIVE,ROT,ROTA015,Veun Sai,Veun Sai,0978441069,,ROT,Ratanak Kiri,Ratanak Kiri,AGENT,AGENT,AGENT,13.9749,106.8164,ROTA015 | Veun Sai | 0978441069 | ROT | Ratanak Kiri | Veun Sai | AGENT
ROTA016,Trapeang Kraham 02,AGENT,0979604499,Ratanak Kiri,Koun Mom,Trapeang Kraham 02,"Trapeang Kraham 02, Koun Mom, Ratanak Kiri, Cambodia",ACTIVE,ROT,ROTA016,Trapeang Kraham 02,Trapeang Kraham 02,0979604499,,ROT,Ratanak Kiri,Ratanak Kiri,AGENT,AGENT,AGENT,13.542316,106.686128,ROTA016 | Trapeang Kraham 02 | 0979604499 | ROT | Ratanak Kiri | Koun Mom | AGENT
ROTA017,Srae Angkrong,AGENT,0972997353,Ratanak Kiri,Banlung,Srae Angkrong,"Srae Angkrong, Banlung, Ratanak Kiri, Cambodia",ACTIVE,ROT,ROTA017,Srae Angkrong,Srae Angkrong,0972997353,,ROT,Ratanak Kiri,Ratanak Kiri,AGENT,AGENT,AGENT,13.433351,106.61364,ROTA017 | Srae Angkrong | 0972997353 | ROT | Ratanak Kiri | Banlung | AGENT
ROTP001,Ban Lung,POST,0972959859,Ratanak Kiri,Banlung,Ban Lung,"Ban Lung, Banlung, Ratanak Kiri, Cambodia",ACTIVE,ROT,ROTP001,Ban Lung,Ban Lung,0972959859,,ROT,Ratanak Kiri,Ratanak Kiri,POST,POST,POST,13.737743,106.987674,ROTP001 | Ban Lung | 0972959859 | ROT | Ratanak Kiri | Banlung | POST
ROTS001,Labansiek,POST,0975330962,Ratanak Kiri,Ban Lung,Labansiek,"Labansiek, Ban Lung, Ratanak Kiri, Cambodia",ACTIVE,ROT,ROTS001,Labansiek,Labansiek,0975330962,,ROT,Ratanak Kiri,Ratanak Kiri,POST,POST,POST,13.7367,106.9864,ROTS001 | Labansiek | 0975330962 | ROT | Ratanak Kiri | Ban Lung | POST
ROTS002,La Minh,POST,0977773839,Ratanak Kiri,Bar Kaev,La Minh,"La Minh, Bar Kaev, Ratanak Kiri, Cambodia",ACTIVE,ROT,ROTS002,La Minh,La Minh,0977773839,,ROT,Ratanak Kiri,Ratanak Kiri,POST,POST,POST,13.686,107.2169,ROTS002 | La Minh | 0977773839 | ROT | Ratanak Kiri | Bar Kaev | POST
ROTS003,Boeng Kansaeng,POST,0315555236,Ratanak Kiri,Ban Lung,Boeng Kansaeng,"Boeng Kansaeng, Ban Lung, Ratanak Kiri, Cambodia",ACTIVE,ROT,ROTS003,Boeng Kansaeng,Boeng Kansaeng,0315555236,,ROT,Ratanak Kiri,Ratanak Kiri,POST,POST,POST,13.7451,106.9894,ROTS003 | Boeng Kansaeng | 0315555236 | ROT | Ratanak Kiri | Ban Lung | POST
HUBSIE001,Hub vùng HUBSIE001,WAREHOUSE,0976241999,Siem Reap,Siem Reap,Hub vùng HUBSIE001,"Hub vùng HUBSIE001, Siem Reap, Siem Reap, Cambodia",INACTIVE,SIE,HUBSIE001,Hub vùng HUBSIE001,Hub vùng HUBSIE001,0976241999,,SIE,Siem Reap,Siem Reap,WAREHOUSE,WAREHOUSE,WAREHOUSE,13.663216983310829,104.22347632585762,HUBSIE001 | Hub vùng HUBSIE001 | 0976241999 | SIE | Siem Reap | Siem Reap | WAREHOUSE
HZ2P01,Head Office Z2,DEPARTMENT,0976241999,Siem Reap,Siem Reap,Head Office Z2,"Head Office Z2, Siem Reap, Siem Reap, Cambodia",ACTIVE,SIE,HZ2P01,Head Office Z2,Head Office Z2,0976241999,,SIE,Siem Reap,Siem Reap,DEPARTMENT,DEPARTMENT,DEPARTMENT,,,HZ2P01 | Head Office Z2 | 0976241999 | SIE | Siem Reap | Siem Reap | DEPARTMENT
SIEA001,Svay Leu,AGENT,0979053555,Siem Reap,Svay Leu,Svay Leu,"Svay Leu, Svay Leu, Siem Reap, Cambodia",ACTIVE,SIE,SIEA001,Svay Leu,Svay Leu,0979053555,,SIE,Siem Reap,Siem Reap,AGENT,AGENT,AGENT,13.551747,104.252698,SIEA001 | Svay Leu | 0979053555 | SIE | Siem Reap | Svay Leu | AGENT
SIEA002,Puok 01,AGENT,0975481444,Siem Reap,Puok,Puok 01,"Puok 01, Puok, Siem Reap, Cambodia",ACTIVE,SIE,SIEA002,Puok 01,Puok 01,0975481444,,SIE,Siem Reap,Siem Reap,AGENT,AGENT,AGENT,13.400147,103.79594,SIEA002 | Puok 01 | 0975481444 | SIE | Siem Reap | Puok | AGENT
SIEA003,Dam Daek,AGENT,066865653,Siem Reap,Soutr Nikom,Dam Daek,"Dam Daek, Soutr Nikom, Siem Reap, Cambodia",ACTIVE,SIE,SIEA003,Dam Daek,Dam Daek,066865653,,SIE,Siem Reap,Siem Reap,AGENT,AGENT,AGENT,13.248097,104.124303,SIEA003 | Dam Daek | 066865653 | SIE | Siem Reap | Soutr Nikom | AGENT
SIEA005,Srangae,AGENT,0974343776,Siem Reap,Siem Reap,Srangae,"Srangae, Siem Reap, Siem Reap, Cambodia",ACTIVE,SIE,SIEA005,Srangae,Srangae,0974343776,,SIE,Siem Reap,Siem Reap,AGENT,AGENT,AGENT,13.365655,103.808087,SIEA005 | Srangae | 0974343776 | SIE | Siem Reap | Siem Reap | AGENT
SIEA006,Kralanh,AGENT,0975464445,Siem Reap,Kralanh,Kralanh,"Kralanh, Kralanh, Siem Reap, Cambodia",ACTIVE,SIE,SIEA006,Kralanh,Kralanh,0975464445,,SIE,Siem Reap,Siem Reap,AGENT,AGENT,AGENT,13.588405,103.417674,SIEA006 | Kralanh | 0975464445 | SIE | Siem Reap | Kralanh | AGENT
SIEA007,Srae Nouy,AGENT,060596668,Siem Reap,Varin,Srae Nouy,"Srae Nouy, Varin, Siem Reap, Cambodia",ACTIVE,SIE,SIEA007,Srae Nouy,Srae Nouy,060596668,,SIE,Siem Reap,Siem Reap,AGENT,AGENT,AGENT,13.813315,104.046877,SIEA007 | Srae Nouy | 060596668 | SIE | Siem Reap | Varin | AGENT
SIEA008,Kampong Kdei,AGENT,0884246677,Siem Reap,Chi Kraeng,Kampong Kdei,"Kampong Kdei, Chi Kraeng, Siem Reap, Cambodia",ACTIVE,SIE,SIEA008,Kampong Kdei,Kampong Kdei,0884246677,,SIE,Siem Reap,Siem Reap,AGENT,AGENT,AGENT,13.111871,104.354264,SIEA008 | Kampong Kdei | 0884246677 | SIE | Siem Reap | Chi Kraeng | AGENT
SIEA009,Samraong,AGENT,0718448884,Siem Reap,Puok,Samraong,"Samraong, Puok, Siem Reap, Cambodia",ACTIVE,SIE,SIEA009,Samraong,Samraong,0718448884,,SIE,Siem Reap,Siem Reap,AGENT,AGENT,AGENT,13.393213,103.867875,SIEA009 | Samraong | 0718448884 | SIE | Siem Reap | Puok | AGENT
SIEA010,Kantreang,AGENT,0886526700,Siem Reap,Prasat Bakong,Kantreang,"Kantreang, Prasat Bakong, Siem Reap, Cambodia",ACTIVE,SIE,SIEA010,Kantreang,Kantreang,0886526700,,SIE,Siem Reap,Siem Reap,AGENT,AGENT,AGENT,13.352193,104.024788,SIEA010 | Kantreang | 0886526700 | SIE | Siem Reap | Prasat Bakong | AGENT
SIEA011,Sala Kamraeuk,AGENT,067557686,Siem Reap,Siem Reap,Sala Kamraeuk,"Sala Kamraeuk, Siem Reap, Siem Reap, Cambodia",ACTIVE,SIE,SIEA011,Sala Kamraeuk,Sala Kamraeuk,067557686,,SIE,Siem Reap,Siem Reap,AGENT,AGENT,AGENT,13.354795,103.869528,SIEA011 | Sala Kamraeuk | 067557686 | SIE | Siem Reap | Siem Reap | AGENT
SIEA012,Ballang,AGENT,0974693524,Siem Reap,Prasat Bakong,Ballang,"Ballang, Prasat Bakong, Siem Reap, Cambodia",ACTIVE,SIE,SIEA012,Ballang,Ballang,0974693524,,SIE,Siem Reap,Siem Reap,AGENT,AGENT,AGENT,13.475203,104.17265,SIEA012 | Ballang | 0974693524 | SIE | Siem Reap | Prasat Bakong | AGENT
SIEA014,Chrouy Neang Nguon,AGENT,0884818395,Siem Reap,Srei Snam,Chrouy Neang Nguon,"Chrouy Neang Nguon, Srei Snam, Siem Reap, Cambodia",ACTIVE,SIE,SIEA014,Chrouy Neang Nguon,Chrouy Neang Nguon,0884818395,,SIE,Siem Reap,Siem Reap,AGENT,AGENT,AGENT,13.8277,103.5156,SIEA014 | Chrouy Neang Nguon | 0884818395 | SIE | Siem Reap | Srei Snam | AGENT
SIEA016,Siem Reab,AGENT,0714468468,Siem Reap,Siem Reap,Siem Reab,"Siem Reab, Siem Reap, Siem Reap, Cambodia",ACTIVE,SIE,SIEA016,Siem Reab,Siem Reab,0714468468,,SIE,Siem Reap,Siem Reap,AGENT,AGENT,AGENT,13.318811,103.851774,SIEA016 | Siem Reab | 0714468468 | SIE | Siem Reap | Siem Reap | AGENT
SIEA017,Kouk Chak,AGENT,066728622,Siem Reap,Siem Reap,Kouk Chak,"Kouk Chak, Siem Reap, Siem Reap, Cambodia",ACTIVE,SIE,SIEA017,Kouk Chak,Kouk Chak,066728622,,SIE,Siem Reap,Siem Reap,AGENT,AGENT,AGENT,13.580205,103.880291,SIEA017 | Kouk Chak | 066728622 | SIE | Siem Reap | Siem Reap | AGENT
SIEA022,Puok 02,AGENT,0712668626,Siem Reap,Puok,Puok 02,"Puok 02, Puok, Siem Reap, Cambodia",ACTIVE,SIE,SIEA022,Puok 02,Puok 02,0712668626,,SIE,Siem Reap,Siem Reap,AGENT,AGENT,AGENT,13.44275,103.727382,SIEA022 | Puok 02 | 0712668626 | SIE | Siem Reap | Puok | AGENT
SIEA030,Char Chhuk,AGENT,0974577522,Siem Reap,Angkor Chum,Char Chhuk,"Char Chhuk, Angkor Chum, Siem Reap, Cambodia",ACTIVE,SIE,SIEA030,Char Chhuk,Char Chhuk,0974577522,,SIE,Siem Reap,Siem Reap,AGENT,AGENT,AGENT,13.683854,103.649091,SIEA030 | Char Chhuk | 0974577522 | SIE | Siem Reap | Angkor Chum | AGENT
SIEA031,Khnar Sanday,AGENT,090811187,Siem Reap,Banteay Srei,Khnar Sanday,"Khnar Sanday, Banteay Srei, Siem Reap, Cambodia",ACTIVE,SIE,SIEA031,Khnar Sanday,Khnar Sanday,090811187,,SIE,Siem Reap,Siem Reap,AGENT,AGENT,AGENT,13.586712,103.956676,SIEA031 | Khnar Sanday | 090811187 | SIE | Siem Reap | Banteay Srei | AGENT
SIEA033,Svay Sa,AGENT,0713076258,Siem Reap,Varin,Svay Sa,"Svay Sa, Varin, Siem Reap, Cambodia",ACTIVE,SIE,SIEA033,Svay Sa,Svay Sa,0713076258,,SIE,Siem Reap,Siem Reap,AGENT,AGENT,AGENT,13.79006,103.750383,SIEA033 | Svay Sa | 0713076258 | SIE | Siem Reap | Varin | AGENT
SIEA034,Anlung Samnar,AGENT,0977666622,Siem Reap,Siem Reap,Anlung Samnar,"Anlung Samnar, Siem Reap, Siem Reap, Cambodia",ACTIVE,SIE,SIEA034,Anlung Samnar,Anlung Samnar,0977666622,,SIE,Siem Reap,Siem Reap,AGENT,AGENT,AGENT,13.068422,103.289207,SIEA034 | Anlung Samnar | 0977666622 | SIE | Siem Reap | Siem Reap | AGENT
SIEA035,Sla Kram,AGENT,0713333717,Siem Reap,Siem Reap,Sla Kram,"Sla Kram, Siem Reap, Siem Reap, Cambodia",ACTIVE,SIE,SIEA035,Sla Kram,Sla Kram,0713333717,,SIE,Siem Reap,Siem Reap,AGENT,AGENT,AGENT,13.358351,103.893148,SIEA035 | Sla Kram | 0713333717 | SIE | Siem Reap | Siem Reap | AGENT
SIEA036,Kaev Poar,AGENT,0883393307,Siem Reap,Puok,Kaev Poar,"Kaev Poar, Puok, Siem Reap, Cambodia",ACTIVE,SIE,SIEA036,Kaev Poar,Kaev Poar,0883393307,,SIE,Siem Reap,Siem Reap,AGENT,AGENT,AGENT,13.387312,103.743113,SIEA036 | Kaev Poar | 0883393307 | SIE | Siem Reap | Puok | AGENT
SIEA037,Ruessei Lok,AGENT,066332241,Siem Reap,Chi Kraeng,Ruessei Lok,"Ruessei Lok, Chi Kraeng, Siem Reap, Cambodia",ACTIVE,SIE,SIEA037,Ruessei Lok,Ruessei Lok,066332241,,SIE,Siem Reap,Siem Reap,AGENT,AGENT,AGENT,13.199103,104.214583,SIEA037 | Ruessei Lok | 066332241 | SIE | Siem Reap | Chi Kraeng | AGENT
SIEA038,Peak Snaeng,AGENT,066728622,Siem Reap,Angkor Thum,Peak Snaeng,"Peak Snaeng, Angkor Thum, Siem Reap, Cambodia",ACTIVE,SIE,SIEA038,Peak Snaeng,Peak Snaeng,066728622,,SIE,Siem Reap,Siem Reap,AGENT,AGENT,AGENT,103.880291,66728622.0,SIEA038 | Peak Snaeng | 066728622 | SIE | Siem Reap | Angkor Thum | AGENT
SIEA039,Kandaek,AGENT,0886683828,Siem Reap,Prasat Bakong,Kandaek,"Kandaek, Prasat Bakong, Siem Reap, Cambodia",ACTIVE,SIE,SIEA039,Kandaek,Kandaek,0886683828,,SIE,Siem Reap,Siem Reap,AGENT,AGENT,AGENT,13.356339,103.916749,SIEA039 | Kandaek | 0886683828 | SIE | Siem Reap | Prasat Bakong | AGENT
SIEP001,Siem Reab,POST,0976241999,Siem Reap,Siem Reap,Siem Reab,"Siem Reab, Siem Reap, Siem Reap, Cambodia",ACTIVE,SIE,SIEP001,Siem Reab,Siem Reab,0976241999,,SIE,Siem Reap,Siem Reap,POST,POST,POST,13.359287,103.883998,SIEP001 | Siem Reab | 0976241999 | SIE | Siem Reap | Siem Reap | POST
SIES001,Kouk Chak,POST,0888552626,Siem Reap,Siem Reap,Kouk Chak,"Kouk Chak, Siem Reap, Siem Reap, Cambodia",ACTIVE,SIE,SIES001,Kouk Chak,Kouk Chak,0888552626,,SIE,Siem Reap,Siem Reap,POST,POST,POST,13.381318,103.853015,SIES001 | Kouk Chak | 0888552626 | SIE | Siem Reap | Siem Reap | POST
SIES002,Siem Reab,POST,066660093,Siem Reap,Siem Reap,Siem Reab,"Siem Reab, Siem Reap, Siem Reap, Cambodia",ACTIVE,SIE,SIES002,Siem Reab,Siem Reab,066660093,,SIE,Siem Reap,Siem Reap,POST,POST,POST,13.359275,103.854515,SIES002 | Siem Reab | 066660093 | SIE | Siem Reap | Siem Reap | POST
SIES003,Dam Daek,POST,0974545556,Siem Reap,Soutr Nikom,Dam Daek,"Dam Daek, Soutr Nikom, Siem Reap, Cambodia",ACTIVE,SIE,SIES003,Dam Daek,Dam Daek,0974545556,,SIE,Siem Reap,Siem Reap,POST,POST,POST,13.244512,104.124204,SIES003 | Dam Daek | 0974545556 | SIE | Siem Reap | Soutr Nikom | POST
DVCZ4,Vehicle Team Z4,SHIPPER,0972158568,Preah Sihanouk,Preah Sihanouk,Vehicle Team Z4,"Vehicle Team Z4, Preah Sihanouk, Preah Sihanouk, Cambodia",ACTIVE,SIH,DVCZ4,Vehicle Team Z4,Vehicle Team Z4,0972158568,,SIH,Sihanoukville,Sihanoukville,SHIPPER,SHIPPER,SHIPPER,,,DVCZ4 | Vehicle Team Z4 | 0972158568 | SIH | Preah Sihanouk | Preah Sihanouk | SHIPPER
HUBSIH01,Hub vùng HUBSIH01,WAREHOUSE,0972158568,Preah Sihanouk,Preah Sihanouk,Hub vùng HUBSIH01,"Hub vùng HUBSIH01, Preah Sihanouk, Preah Sihanouk, Cambodia",INACTIVE,SIH,HUBSIH01,Hub vùng HUBSIH01,Hub vùng HUBSIH01,0972158568,,SIH,Sihanoukville,Sihanoukville,WAREHOUSE,WAREHOUSE,WAREHOUSE,10.72425540436019,103.81133409318521,HUBSIH01 | Hub vùng HUBSIH01 | 0972158568 | SIH | Preah Sihanouk | Preah Sihanouk | WAREHOUSE
SIHA001,Tumnob Rolok,AGENT,0314000700,Preah Sihanouk,Stueng Hav,Tumnob Rolok,"Tumnob Rolok, Stueng Hav, Preah Sihanouk, Cambodia",ACTIVE,SIH,SIHA001,Tumnob Rolok,Tumnob Rolok,0314000700,,SIH,Sihanoukville,Sihanoukville,AGENT,AGENT,AGENT,10.737428,103.624233,SIHA001 | Tumnob Rolok | 0314000700 | SIH | Preah Sihanouk | Stueng Hav | AGENT
SIHA002,Boeng Ta Prum,AGENT,0713337606,Preah Sihanouk,Prey Nob,Boeng Ta Prum,"Boeng Ta Prum, Prey Nob, Preah Sihanouk, Cambodia",ACTIVE,SIH,SIHA002,Boeng Ta Prum,Boeng Ta Prum,0713337606,,SIH,Sihanoukville,Sihanoukville,AGENT,AGENT,AGENT,10.573382,103.773205,SIHA002 | Boeng Ta Prum | 0713337606 | SIH | Preah Sihanouk | Prey Nob | AGENT
SIHA003,Ou Oknha Heng,AGENT,0887253325,Preah Sihanouk,Prey Nob,Ou Oknha Heng,"Ou Oknha Heng, Prey Nob, Preah Sihanouk, Cambodia",ACTIVE,SIH,SIHA003,Ou Oknha Heng,Ou Oknha Heng,0887253325,,SIH,Sihanoukville,Sihanoukville,AGENT,AGENT,AGENT,10.589629,103.763962,SIHA003 | Ou Oknha Heng | 0887253325 | SIH | Preah Sihanouk | Prey Nob | AGENT
SIHA004,Prey Nob,AGENT,0882218111,Preah Sihanouk,Prey Nob,Prey Nob,"Prey Nob, Prey Nob, Preah Sihanouk, Cambodia",ACTIVE,SIH,SIHA004,Prey Nob,Prey Nob,0882218111,,SIH,Sihanoukville,Sihanoukville,AGENT,AGENT,AGENT,10.629706,103.782186,SIHA004 | Prey Nob | 0882218111 | SIH | Preah Sihanouk | Prey Nob | AGENT
SIHA005,Andoung Thma,AGENT,0719772546,Preah Sihanouk,Prey Nob,Andoung Thma,"Andoung Thma, Prey Nob, Preah Sihanouk, Cambodia",ACTIVE,SIH,SIHA005,Andoung Thma,Andoung Thma,0719772546,,SIH,Sihanoukville,Sihanoukville,AGENT,AGENT,AGENT,10.675489,103.800485,SIHA005 | Andoung Thma | 0719772546 | SIH | Preah Sihanouk | Prey Nob | AGENT
SIHA006,Cheung Kou,AGENT,0979696654,Preah Sihanouk,Prey Nob,Cheung Kou,"Cheung Kou, Prey Nob, Preah Sihanouk, Cambodia",ACTIVE,SIH,SIHA006,Cheung Kou,Cheung Kou,0979696654,,SIH,Sihanoukville,Sihanoukville,AGENT,AGENT,AGENT,10.753846,103.804156,SIHA006 | Cheung Kou | 0979696654 | SIH | Preah Sihanouk | Prey Nob | AGENT
SIHA007,Lekh Muoy 01,AGENT,0886566000,Preah Sihanouk,Preah Sihanouk,Lekh Muoy 01,"Lekh Muoy 01, Preah Sihanouk, Preah Sihanouk, Cambodia",ACTIVE,SIH,SIHA007,Lekh Muoy 01,Lekh Muoy 01,0886566000,,SIH,Sihanoukville,Sihanoukville,AGENT,AGENT,AGENT,10.662359,103.522013,SIHA007 | Lekh Muoy 01 | 0886566000 | SIH | Preah Sihanouk | Preah Sihanouk | AGENT
SIHA008,Lekh Muoy 02,AGENT,0314000700,Preah Sihanouk,Preah Sihanouk,Lekh Muoy 02,"Lekh Muoy 02, Preah Sihanouk, Preah Sihanouk, Cambodia",ACTIVE,SIH,SIHA008,Lekh Muoy 02,Lekh Muoy 02,0314000700,,SIH,Sihanoukville,Sihanoukville,AGENT,AGENT,AGENT,10.664146,103.522118,SIHA008 | Lekh Muoy 02 | 0314000700 | SIH | Preah Sihanouk | Preah Sihanouk | AGENT
SIHA009,Stueng Chhay,AGENT,0716668661,Preah Sihanouk,Kampong Seila,Stueng Chhay,"Stueng Chhay, Kampong Seila, Preah Sihanouk, Cambodia",ACTIVE,SIH,SIHA009,Stueng Chhay,Stueng Chhay,0716668661,,SIH,Sihanoukville,Sihanoukville,AGENT,AGENT,AGENT,10.939812,103.798362,SIHA009 | Stueng Chhay | 0716668661 | SIH | Preah Sihanouk | Kampong Seila | AGENT
SIHP001,Preah Sihanouk,POST,0972158568,Preah Sihanouk,Preah Sihanouk,Preah Sihanouk,"Preah Sihanouk, Preah Sihanouk, Preah Sihanouk, Cambodia",ACTIVE,SIH,SIHP001,Preah Sihanouk,Preah Sihanouk,0972158568,,SIH,Sihanoukville,Sihanoukville,POST,POST,POST,10.620638,103.541226,SIHP001 | Preah Sihanouk | 0972158568 | SIH | Preah Sihanouk | Preah Sihanouk | POST
SIHS001,Lekh Buon,POST,0719998091,Preah Sihanouk,Preah Sihanouk,Lekh Buon,"Lekh Buon, Preah Sihanouk, Preah Sihanouk, Cambodia",ACTIVE,SIH,SIHS001,Lekh Buon,Lekh Buon,0719998091,,SIH,Sihanoukville,Sihanoukville,POST,POST,POST,10.61986,103.52744,SIHS001 | Lekh Buon | 0719998091 | SIH | Preah Sihanouk | Preah Sihanouk | POST
SIHS002,Veal Renh,POST,0889419922,Preah Sihanouk,Prey Nob,Veal Renh,"Veal Renh, Prey Nob, Preah Sihanouk, Cambodia",ACTIVE,SIH,SIHS002,Veal Renh,Veal Renh,0889419922,,SIH,Sihanoukville,Sihanoukville,POST,POST,POST,10.709813,103.818335,SIHS002 | Veal Renh | 0889419922 | SIH | Preah Sihanouk | Prey Nob | POST
SPEA001,Preah Khae,AGENT,0977626085,Kampong Speu,Basedth,Preah Khae,"Preah Khae, Basedth, Kampong Speu, Cambodia",ACTIVE,SPE,SPEA001,Preah Khae,Preah Khae,0977626085,,SPE,Kampong Speu,Kampong Speu,AGENT,AGENT,AGENT,11.174528,104.500433,SPEA001 | Preah Khae | 0977626085 | SPE | Kampong Speu | Basedth | AGENT
SPEA002,Svay Rumpear,AGENT,060317111,Kampong Speu,Basedth,Svay Rumpear,"Svay Rumpear, Basedth, Kampong Speu, Cambodia",ACTIVE,SPE,SPEA002,Svay Rumpear,Svay Rumpear,060317111,,SPE,Kampong Speu,Kampong Speu,AGENT,AGENT,AGENT,11.211305,104.583741,SPEA002 | Svay Rumpear | 060317111 | SPE | Kampong Speu | Basedth | AGENT
SPEA003,Krang Chek,AGENT,0975188198,Kampong Speu,Samkkei Munichay,Krang Chek,"Krang Chek, Samkkei Munichay, Kampong Speu, Cambodia",ACTIVE,SPE,SPEA003,Krang Chek,Krang Chek,0975188198,,SPE,Kampong Speu,Kampong Speu,AGENT,AGENT,AGENT,11.582755,104.531477,SPEA003 | Krang Chek | 0975188198 | SPE | Kampong Speu | Samkkei Munichay | AGENT
SPEA004,Roka Kaoh 01,AGENT,0976433308,Kampong Speu,Basedth,Roka Kaoh 01,"Roka Kaoh 01, Basedth, Kampong Speu, Cambodia",ACTIVE,SPE,SPEA004,Roka Kaoh 01,Roka Kaoh 01,0976433308,,SPE,Kampong Speu,Kampong Speu,AGENT,AGENT,AGENT,11.426686,104.661059,SPEA004 | Roka Kaoh 01 | 0976433308 | SPE | Kampong Speu | Basedth | AGENT
SPEA005,Sambour,AGENT,0884207700,Kampong Speu,Phnum Sruoch,Sambour,"Sambour, Phnum Sruoch, Kampong Speu, Cambodia",ACTIVE,SPE,SPEA005,Sambour,Sambour,0884207700,,SPE,Kampong Speu,Kampong Speu,AGENT,AGENT,AGENT,11.533326,104.618288,SPEA005 | Sambour | 0884207700 | SPE | Kampong Speu | Phnum Sruoch | AGENT
SPEA006,Chhuk,AGENT,0888269777,Kampong Speu,Chbar Mon,Chhuk,"Chhuk, Chbar Mon, Kampong Speu, Cambodia",ACTIVE,SPE,SPEA006,Chhuk,Chhuk,0888269777,,SPE,Kampong Speu,Kampong Speu,AGENT,AGENT,AGENT,11.131556,104.151154,SPEA006 | Chhuk | 0888269777 | SPE | Kampong Speu | Chbar Mon | AGENT
SPEA007,Samrong Tong,AGENT,0314214242,Kampong Speu,Samraong Tong,Samrong Tong,"Samrong Tong, Samraong Tong, Kampong Speu, Cambodia",ACTIVE,SPE,SPEA007,Samrong Tong,Samrong Tong,0314214242,,SPE,Kampong Speu,Kampong Speu,AGENT,AGENT,AGENT,11.54068,104.595483,SPEA007 | Samrong Tong | 0314214242 | SPE | Kampong Speu | Samraong Tong | AGENT
SPEA008,Pou Chamraeun,AGENT,0712929111,Kampong Speu,Basedth,Pou Chamraeun,"Pou Chamraeun, Basedth, Kampong Speu, Cambodia",ACTIVE,SPE,SPEA008,Pou Chamraeun,Pou Chamraeun,0712929111,,SPE,Kampong Speu,Kampong Speu,AGENT,AGENT,AGENT,11.105882,104.598308,SPEA008 | Pou Chamraeun | 0712929111 | SPE | Kampong Speu | Basedth | AGENT
SPEA009,Traeng Trayueng,AGENT,067735151,Kampong Speu,Phnum Sruoch,Traeng Trayueng,"Traeng Trayueng, Phnum Sruoch, Kampong Speu, Cambodia",ACTIVE,SPE,SPEA009,Traeng Trayueng,Traeng Trayueng,067735151,,SPE,Kampong Speu,Kampong Speu,AGENT,AGENT,AGENT,11.277905,104.211297,SPEA009 | Traeng Trayueng | 067735151 | SPE | Kampong Speu | Phnum Sruoch | AGENT
SPEA010,Pneay,AGENT,0977773588,Kampong Speu,Samraong Tong,Pneay,"Pneay, Samraong Tong, Kampong Speu, Cambodia",ACTIVE,SPE,SPEA010,Pneay,Pneay,0977773588,,SPE,Kampong Speu,Kampong Speu,AGENT,AGENT,AGENT,11.517333,104.520212,SPEA010 | Pneay | 0977773588 | SPE | Kampong Speu | Samraong Tong | AGENT
SPEA011,Rung Roeang,AGENT,0883539111,Kampong Speu,Thpong,Rung Roeang,"Rung Roeang, Thpong, Kampong Speu, Cambodia",ACTIVE,SPE,SPEA011,Rung Roeang,Rung Roeang,0883539111,,SPE,Kampong Speu,Kampong Speu,AGENT,AGENT,AGENT,11.721285,104.520246,SPEA011 | Rung Roeang | 0883539111 | SPE | Kampong Speu | Thpong | AGENT
SPEA012,Amleang,AGENT,0718570111,Kampong Speu,Thpong,Amleang,"Amleang, Thpong, Kampong Speu, Cambodia",ACTIVE,SPE,SPEA012,Amleang,Amleang,0718570111,,SPE,Kampong Speu,Kampong Speu,AGENT,AGENT,AGENT,11.801009,104.342315,SPEA012 | Amleang | 0718570111 | SPE | Kampong Speu | Thpong | AGENT
SPEA013,Skuh,AGENT,0887393401,Kampong Speu,Samraong Tong,Skuh,"Skuh, Samraong Tong, Kampong Speu, Cambodia",ACTIVE,SPE,SPEA013,Skuh,Skuh,0887393401,,SPE,Kampong Speu,Kampong Speu,AGENT,AGENT,AGENT,11.404436,104.51386,SPEA013 | Skuh | 0887393401 | SPE | Kampong Speu | Samraong Tong | AGENT
SPEA014,Chambak,AGENT,067309697,Kampong Speu,Phnum Sruoch,Chambak,"Chambak, Phnum Sruoch, Kampong Speu, Cambodia",ACTIVE,SPE,SPEA014,Chambak,Chambak,067309697,,SPE,Kampong Speu,Kampong Speu,AGENT,AGENT,AGENT,11.396063,104.111423,SPEA014 | Chambak | 067309697 | SPE | Kampong Speu | Phnum Sruoch | AGENT
SPEA015,Roleang Kreul 01,AGENT,0979207902,Kampong Speu,Samraong Tong,Roleang Kreul 01,"Roleang Kreul 01, Samraong Tong, Kampong Speu, Cambodia",ACTIVE,SPE,SPEA015,Roleang Kreul 01,Roleang Kreul 01,0979207902,,SPE,Kampong Speu,Kampong Speu,AGENT,AGENT,AGENT,11.445192,104.62579,SPEA015 | Roleang Kreul 01 | 0979207902 | SPE | Kampong Speu | Samraong Tong | AGENT
SPEA016,Roka Kaoh 02,AGENT,0979028751,Kampong Speu,Basedth,Roka Kaoh 02,"Roka Kaoh 02, Basedth, Kampong Speu, Cambodia",ACTIVE,SPE,SPEA016,Roka Kaoh 02,Roka Kaoh 02,0979028751,,SPE,Kampong Speu,Kampong Speu,AGENT,AGENT,AGENT,11.412777,104.651533,SPEA016 | Roka Kaoh 02 | 0979028751 | SPE | Kampong Speu | Basedth | AGENT
SPEA017,Khsem Khsan,AGENT,0319173555,Kampong Speu,Odongk Maechay,Khsem Khsan,"Khsem Khsan, Odongk Maechay, Kampong Speu, Cambodia",ACTIVE,SPE,SPEA017,Khsem Khsan,Khsem Khsan,0319173555,,SPE,Kampong Speu,Kampong Speu,AGENT,AGENT,AGENT,11.686979,104.70185,SPEA017 | Khsem Khsan | 0319173555 | SPE | Kampong Speu | Odongk Maechay | AGENT
SPEA018,Pheakdei,AGENT,0978894333,Kampong Speu,Basedth,Pheakdei,"Pheakdei, Basedth, Kampong Speu, Cambodia",ACTIVE,SPE,SPEA018,Pheakdei,Pheakdei,0978894333,,SPE,Kampong Speu,Kampong Speu,AGENT,AGENT,AGENT,11.177036,104.407526,SPEA018 | Pheakdei | 0978894333 | SPE | Kampong Speu | Basedth | AGENT
SPEA019,Prey Kmeng,AGENT,0719000076,Kampong Speu,Phnum Sruoch,Prey Kmeng,"Prey Kmeng, Phnum Sruoch, Kampong Speu, Cambodia",ACTIVE,SPE,SPEA019,Prey Kmeng,Prey Kmeng,0719000076,,SPE,Kampong Speu,Kampong Speu,AGENT,AGENT,AGENT,11.308992,104.438688,SPEA019 | Prey Kmeng | 0719000076 | SPE | Kampong Speu | Phnum Sruoch | AGENT
SPEA020,Prey Sralaeng,AGENT,068989873,Kampong Speu,Chbar Mon,Prey Sralaeng,"Prey Sralaeng, Chbar Mon, Kampong Speu, Cambodia",ACTIVE,SPE,SPEA020,Prey Sralaeng,Prey Sralaeng,068989873,,SPE,Kampong Speu,Kampong Speu,AGENT,AGENT,AGENT,11.157493,104.684507,SPEA020 | Prey Sralaeng | 068989873 | SPE | Kampong Speu | Chbar Mon | AGENT
SPEA021,Tang Krouch,AGENT,090240230,Kampong Speu,Phnum Sruoch,Tang Krouch,"Tang Krouch, Phnum Sruoch, Kampong Speu, Cambodia",ACTIVE,SPE,SPEA021,Tang Krouch,Tang Krouch,090240230,,SPE,Kampong Speu,Kampong Speu,AGENT,AGENT,AGENT,11.531039,104.416137,SPEA021 | Tang Krouch | 090240230 | SPE | Kampong Speu | Phnum Sruoch | AGENT
SPEA022,Voa Sar,AGENT,0716368844,Kampong Speu,Samraong Tong,Voa Sar,"Voa Sar, Samraong Tong, Kampong Speu, Cambodia",ACTIVE,SPE,SPEA022,Voa Sar,Voa Sar,0716368844,,SPE,Kampong Speu,Kampong Speu,AGENT,AGENT,AGENT,11.475615,104.567907,SPEA022 | Voa Sar | 0716368844 | SPE | Kampong Speu | Samraong Tong | AGENT
SPEA023,Trapeang Chou,AGENT,0979744416,Kampong Speu,Aoral,Trapeang Chou,"Trapeang Chou, Aoral, Kampong Speu, Cambodia",ACTIVE,SPE,SPEA023,Trapeang Chou,Trapeang Chou,0979744416,,SPE,Kampong Speu,Kampong Speu,AGENT,AGENT,AGENT,11.811444,104.129407,SPEA023 | Trapeang Chou | 0979744416 | SPE | Kampong Speu | Aoral | AGENT
SPEA024,Ou Ta Vam,AGENT,090353686,Kampong Speu,Phnum Sruoch,Ou Ta Vam,"Ou Ta Vam, Phnum Sruoch, Kampong Speu, Cambodia",ACTIVE,SPE,SPEA024,Ou Ta Vam,Ou Ta Vam,090353686,,SPE,Kampong Speu,Kampong Speu,AGENT,AGENT,AGENT,11.323964,104.578105,SPEA024 | Ou Ta Vam | 090353686 | SPE | Kampong Speu | Phnum Sruoch | AGENT
SPEA025,Tang Sya,AGENT,0976668600,Kampong Speu,Phnum Sruoch,Tang Sya,"Tang Sya, Phnum Sruoch, Kampong Speu, Cambodia",ACTIVE,SPE,SPEA025,Tang Sya,Tang Sya,0976668600,,SPE,Kampong Speu,Kampong Speu,AGENT,AGENT,AGENT,11.38836,104.377905,SPEA025 | Tang Sya | 0976668600 | SPE | Kampong Speu | Phnum Sruoch | AGENT
SPEA026,Ta Sal,AGENT,0972572737,Kampong Speu,Aoral,Ta Sal,"Ta Sal, Aoral, Kampong Speu, Cambodia",ACTIVE,SPE,SPEA026,Ta Sal,Ta Sal,0972572737,,SPE,Kampong Speu,Kampong Speu,AGENT,AGENT,AGENT,11.703038,103.939144,SPEA026 | Ta Sal | 0972572737 | SPE | Kampong Speu | Aoral | AGENT
SPEA027,Ou,AGENT,0718952758,Kampong Speu,Basedth,Ou,"Ou, Basedth, Kampong Speu, Cambodia",ACTIVE,SPE,SPEA027,Ou,Ou,0718952758,,SPE,Kampong Speu,Kampong Speu,AGENT,AGENT,AGENT,11.342067,104.322307,SPEA027 | Ou | 0718952758 | SPE | Kampong Speu | Basedth | AGENT
SPEA028,Veang Chas,AGENT,090888506,Kampong Speu,Odongk Maechay,Veang Chas,"Veang Chas, Odongk Maechay, Kampong Speu, Cambodia",ACTIVE,SPE,SPEA028,Veang Chas,Veang Chas,090888506,,SPE,Kampong Speu,Kampong Speu,AGENT,AGENT,AGENT,11.823481,104.743066,SPEA028 | Veang Chas | 090888506 | SPE | Kampong Speu | Odongk Maechay | AGENT
SPEA029,Sangkae Satob,AGENT,0889342916,Kampong Speu,Aoral,Sangkae Satob,"Sangkae Satob, Aoral, Kampong Speu, Cambodia",ACTIVE,SPE,SPEA029,Sangkae Satob,Sangkae Satob,0889342916,,SPE,Kampong Speu,Kampong Speu,AGENT,AGENT,AGENT,11.680048,104.147813,SPEA029 | Sangkae Satob | 0889342916 | SPE | Kampong Speu | Aoral | AGENT
SPEA030,Khtum Krang,AGENT,068672668,Kampong Speu,Samraong Tong,Khtum Krang,"Khtum Krang, Samraong Tong, Kampong Speu, Cambodia",ACTIVE,SPE,SPEA030,Khtum Krang,Khtum Krang,068672668,,SPE,Kampong Speu,Kampong Speu,AGENT,AGENT,AGENT,11.517929,104.437318,SPEA030 | Khtum Krang | 068672668 | SPE | Kampong Speu | Samraong Tong | AGENT
SPEA031,Krang Khnong,AGENT,0975566365,Kampong Speu,Chbar Mon,Krang Khnong,"Krang Khnong, Chbar Mon, Kampong Speu, Cambodia",ACTIVE,SPE,SPEA031,Krang Khnong,Krang Khnong,0975566365,,SPE,Kampong Speu,Kampong Speu,AGENT,AGENT,AGENT,11.309173,104.631576,SPEA031 | Krang Khnong | 0975566365 | SPE | Kampong Speu | Chbar Mon | AGENT
SPEA032,Roleang Kreul 02,AGENT,0974122355,Kampong Speu,Samraong Tong,Roleang Kreul 02,"Roleang Kreul 02, Samraong Tong, Kampong Speu, Cambodia",ACTIVE,SPE,SPEA032,Roleang Kreul 02,Roleang Kreul 02,0974122355,,SPE,Kampong Speu,Kampong Speu,AGENT,AGENT,AGENT,11.440644,104.639622,SPEA032 | Roleang Kreul 02 | 0974122355 | SPE | Kampong Speu | Samraong Tong | AGENT
SPEP001,Chbar Mon,POST,0976839168,Kampong Speu,Chbar Mon,Chbar Mon,"Chbar Mon, Chbar Mon, Kampong Speu, Cambodia",ACTIVE,SPE,SPEP001,Chbar Mon,Chbar Mon,0976839168,,SPE,Kampong Speu,Kampong Speu,POST,POST,POST,11.465375,104.527043,SPEP001 | Chbar Mon | 0976839168 | SPE | Kampong Speu | Chbar Mon | POST
SPES001,Rokar Thum,POST,0979859966,Kampong Speu,Chbar Mon,Rokar Thum,"Rokar Thum, Chbar Mon, Kampong Speu, Cambodia",ACTIVE,SPE,SPES001,Rokar Thum,Rokar Thum,0979859966,,SPE,Kampong Speu,Kampong Speu,POST,POST,POST,11.460768,104.514622,SPES001 | Rokar Thum | 0979859966 | SPE | Kampong Speu | Chbar Mon | POST
SPES002,Odongk,POST,0972078822,Kampong Speu,Chbar Mon,Odongk,"Odongk, Chbar Mon, Kampong Speu, Cambodia",ACTIVE,SPE,SPES002,Odongk,Odongk,0972078822,,SPE,Kampong Speu,Kampong Speu,POST,POST,POST,11.82348,104.74306,SPES002 | Odongk | 0972078822 | SPE | Kampong Speu | Chbar Mon | POST
SPES003,Kong Pisey,POST,0973381119,Kampong Speu,Chbar Mon,Kong Pisey,"Kong Pisey, Chbar Mon, Kampong Speu, Cambodia",ACTIVE,SPE,SPES003,Kong Pisey,Kong Pisey,0973381119,,SPE,Kampong Speu,Kampong Speu,POST,POST,POST,11.286852,104.706865,SPES003 | Kong Pisey | 0973381119 | SPE | Kampong Speu | Chbar Mon | POST
STUA001,Sekong,AGENT,0718149159,Stung Treng,Siem Pang,Sekong,"Sekong, Siem Pang, Stung Treng, Cambodia",ACTIVE,STU,STUA001,Sekong,Sekong,0718149159,,STU,Stung Treng,Stung Treng,AGENT,AGENT,AGENT,14.115063,106.385817,STUA001 | Sekong | 0718149159 | STU | Stung Treng | Siem Pang | AGENT
STUA002,Siem Bouk 01,AGENT,0884737897,Stung Treng,Siem Bouk,Siem Bouk 01,"Siem Bouk 01, Siem Bouk, Stung Treng, Cambodia",ACTIVE,STU,STUA002,Siem Bouk 01,Siem Bouk 01,0884737897,,STU,Stung Treng,Stung Treng,AGENT,AGENT,AGENT,13.334026,106.103639,STUA002 | Siem Bouk 01 | 0884737897 | STU | Stung Treng | Siem Bouk | AGENT
STUA003,Ou Svay,AGENT,0888713860,Stung Treng,Borei Ou Svay Senchey,Ou Svay,"Ou Svay, Borei Ou Svay Senchey, Stung Treng, Cambodia",ACTIVE,STU,STUA003,Ou Svay,Ou Svay,0888713860,,STU,Stung Treng,Stung Treng,AGENT,AGENT,AGENT,13.880126,106.001924,STUA003 | Ou Svay | 0888713860 | STU | Stung Treng | Borei Ou Svay Senchey | AGENT
STUA004,Kbal Romeas 01,AGENT,0979115186,Stung Treng,Sesan,Kbal Romeas 01,"Kbal Romeas 01, Sesan, Stung Treng, Cambodia",ACTIVE,STU,STUA004,Kbal Romeas 01,Kbal Romeas 01,0979115186,,STU,Stung Treng,Stung Treng,AGENT,AGENT,AGENT,13.422893,106.280728,STUA004 | Kbal Romeas 01 | 0979115186 | STU | Stung Treng | Sesan | AGENT
STUA005,O Pong Morn,AGENT,0712100776,Stung Treng,Stung Treng,O Pong Morn,"O Pong Morn, Stung Treng, Stung Treng, Cambodia",ACTIVE,STU,STUA005,O Pong Morn,O Pong Morn,0712100776,,STU,Stung Treng,Stung Treng,AGENT,AGENT,AGENT,13.431166,106.075434,STUA005 | O Pong Morn | 0712100776 | STU | Stung Treng | Stung Treng | AGENT
STUA006,Siem Bouk 02,AGENT,0974769888,Stung Treng,Siem Bouk,Siem Bouk 02,"Siem Bouk 02, Siem Bouk, Stung Treng, Cambodia",ACTIVE,STU,STUA006,Siem Bouk 02,Siem Bouk 02,0974769888,,STU,Stung Treng,Stung Treng,AGENT,AGENT,AGENT,13.360574,105.959553,STUA006 | Siem Bouk 02 | 0974769888 | STU | Stung Treng | Siem Bouk | AGENT
STUA007,Phluk,AGENT,0718796868,Stung Treng,Sesan,Phluk,"Phluk, Sesan, Stung Treng, Cambodia",ACTIVE,STU,STUA007,Phluk,Phluk,0718796868,,STU,Stung Treng,Stung Treng,AGENT,AGENT,AGENT,13.564517,106.17007,STUA007 | Phluk | 0718796868 | STU | Stung Treng | Sesan | AGENT
STUA008,Kbal Romeas 02,AGENT,0889899074,Stung Treng,Sesan,Kbal Romeas 02,"Kbal Romeas 02, Sesan, Stung Treng, Cambodia",ACTIVE,STU,STUA008,Kbal Romeas 02,Kbal Romeas 02,0889899074,,STU,Stung Treng,Stung Treng,AGENT,AGENT,AGENT,13.417695,106.198157,STUA008 | Kbal Romeas 02 | 0889899074 | STU | Stung Treng | Sesan | AGENT
STUA009,Anlung Chrey,AGENT,0887515877,Stung Treng,Stung Treng,Anlung Chrey,"Anlung Chrey, Stung Treng, Stung Treng, Cambodia",ACTIVE,STU,STUA009,Anlung Chrey,Anlung Chrey,0887515877,,STU,Stung Treng,Stung Treng,AGENT,AGENT,AGENT,13.765682,105.671585,STUA009 | Anlung Chrey | 0887515877 | STU | Stung Treng | Stung Treng | AGENT
STUA010,Preah Rumkel,AGENT,0889099904,Stung Treng,Borei Ou Svay Senchey,Preah Rumkel,"Preah Rumkel, Borei Ou Svay Senchey, Stung Treng, Cambodia",ACTIVE,STU,STUA010,Preah Rumkel,Preah Rumkel,0889099904,,STU,Stung Treng,Stung Treng,AGENT,AGENT,AGENT,13.894888,105.964596,STUA010 | Preah Rumkel | 0889099904 | STU | Stung Treng | Borei Ou Svay Senchey | AGENT
STUP001,Stueng Treang,POST,0975266660,Stung Treng,Stung Treng,Stueng Treang,"Stueng Treang, Stung Treng, Stung Treng, Cambodia",ACTIVE,STU,STUP001,Stueng Treang,Stueng Treang,0975266660,,STU,Stung Treng,Stung Treng,POST,POST,POST,13.528625,105.971602,STUP001 | Stueng Treang | 0975266660 | STU | Stung Treng | Stung Treng | POST
STUS001,Stueng Traeng,POST,0313598585,Stung Treng,Stueng Traeng,Stueng Traeng,"Stueng Traeng, Stueng Traeng, Stung Treng, Cambodia",ACTIVE,STU,STUS001,Stueng Traeng,Stueng Traeng,0313598585,,STU,Stung Treng,Stung Treng,POST,POST,POST,13.5285,105.9709,STUS001 | Stueng Traeng | 0313598585 | STU | Stung Treng | Stueng Traeng | POST
SVAA001,Khsaet,AGENT,0975390008,Svay Rieng,Kampong Rou,Khsaet,"Khsaet, Kampong Rou, Svay Rieng, Cambodia",ACTIVE,SVA,SVAA001,Khsaet,Khsaet,0975390008,,SVA,Svay Rieng,Svay Rieng,AGENT,AGENT,AGENT,10.926719,105.985774,SVAA001 | Khsaet | 0975390008 | SVA | Svay Rieng | Kampong Rou | AGENT
SVAA002,Kokir,AGENT,0974595363,Svay Rieng,Chantrea,Kokir,"Kokir, Chantrea, Svay Rieng, Cambodia",ACTIVE,SVA,SVAA002,Kokir,Kokir,0974595363,,SVA,Svay Rieng,Svay Rieng,AGENT,AGENT,AGENT,11.443579,105.861148,SVAA002 | Kokir | 0974595363 | SVA | Svay Rieng | Chantrea | AGENT
SVAA003,Ang Prasrae,AGENT,0716431779,Svay Rieng,Svay Rieng,Ang Prasrae,"Ang Prasrae, Svay Rieng, Svay Rieng, Cambodia",ACTIVE,SVA,SVAA003,Ang Prasrae,Ang Prasrae,0716431779,,SVA,Svay Rieng,Svay Rieng,AGENT,AGENT,AGENT,11.323111,105.818189,SVAA003 | Ang Prasrae | 0716431779 | SVA | Svay Rieng | Svay Rieng | AGENT
SVAA004,Kampong Chak,AGENT,0977281916,Svay Rieng,Rumduol,Kampong Chak,"Kampong Chak, Rumduol, Svay Rieng, Cambodia",ACTIVE,SVA,SVAA004,Kampong Chak,Kampong Chak,0977281916,,SVA,Svay Rieng,Svay Rieng,AGENT,AGENT,AGENT,11.171601,105.818778,SVAA004 | Kampong Chak | 0977281916 | SVA | Svay Rieng | Rumduol | AGENT
SVAA005,Bati,AGENT,0979151383,Svay Rieng,Bavet,Bati,"Bati, Bavet, Svay Rieng, Cambodia",ACTIVE,SVA,SVAA005,Bati,Bati,0979151383,,SVA,Svay Rieng,Svay Rieng,AGENT,AGENT,AGENT,10.992849,106.129186,SVAA005 | Bati | 0979151383 | SVA | Svay Rieng | Bavet | AGENT
SVAA006,Samraong,AGENT,0973077882,Svay Rieng,Chantrea,Samraong,"Samraong, Chantrea, Svay Rieng, Cambodia",ACTIVE,SVA,SVAA006,Samraong,Samraong,0973077882,,SVA,Svay Rieng,Svay Rieng,AGENT,AGENT,AGENT,10.9291,106.1414,SVAA006 | Samraong | 0973077882 | SVA | Svay Rieng | Chantrea | AGENT
SVAA007,Kruos,AGENT,0884779853,Svay Rieng,Svay Chrum,Kruos,"Kruos, Svay Chrum, Svay Rieng, Cambodia",ACTIVE,SVA,SVAA007,Kruos,Kruos,0884779853,,SVA,Svay Rieng,Svay Rieng,AGENT,AGENT,AGENT,11.061583,105.668694,SVAA007 | Kruos | 0884779853 | SVA | Svay Rieng | Svay Chrum | AGENT
SVAA008,Chantrei,AGENT,0714023030,Svay Rieng,Romeas Haek,Chantrei,"Chantrei, Romeas Haek, Svay Rieng, Cambodia",ACTIVE,SVA,SVAA008,Chantrei,Chantrei,0714023030,,SVA,Svay Rieng,Svay Rieng,AGENT,AGENT,AGENT,11.284448,105.72468,SVAA008 | Chantrei | 0714023030 | SVA | Svay Rieng | Romeas Haek | AGENT
SVAA009,Doun Sa,AGENT,0714743388,Svay Rieng,Svay Chrum,Doun Sa,"Doun Sa, Svay Chrum, Svay Rieng, Cambodia",ACTIVE,SVA,SVAA009,Doun Sa,Doun Sa,0714743388,,SVA,Svay Rieng,Svay Rieng,AGENT,AGENT,AGENT,11.225428,105.724589,SVAA009 | Doun Sa | 0714743388 | SVA | Svay Rieng | Svay Chrum | AGENT
SVAA010,Kampong Trach,AGENT,0717678881,Svay Rieng,Romeas Haek,Kampong Trach,"Kampong Trach, Romeas Haek, Svay Rieng, Cambodia",ACTIVE,SVA,SVAA010,Kampong Trach,Kampong Trach,0717678881,,SVA,Svay Rieng,Svay Rieng,AGENT,AGENT,AGENT,11.410974,105.784585,SVAA010 | Kampong Trach | 0717678881 | SVA | Svay Rieng | Romeas Haek | AGENT
SVAA011,Sambat Mean Chey,AGENT,0712255771,Svay Rieng,Svay Rieng,Sambat Mean Chey,"Sambat Mean Chey, Svay Rieng, Svay Rieng, Cambodia",ACTIVE,SVA,SVAA011,Sambat Mean Chey,Sambat Mean Chey,0712255771,,SVA,Svay Rieng,Svay Rieng,AGENT,AGENT,AGENT,11.437822,105.691046,SVAA011 | Sambat Mean Chey | 0712255771 | SVA | Svay Rieng | Svay Rieng | AGENT
SVAA012,Doung,AGENT,0976954441,Svay Rieng,Romeas Haek,Doung,"Doung, Romeas Haek, Svay Rieng, Cambodia",ACTIVE,SVA,SVAA012,Doung,Doung,0976954441,,SVA,Svay Rieng,Svay Rieng,AGENT,AGENT,AGENT,11.338164,105.862059,SVAA012 | Doung | 0976954441 | SVA | Svay Rieng | Romeas Haek | AGENT
SVAA013,Chres,AGENT,0977050535,Svay Rieng,Chantrea,Chres,"Chres, Chantrea, Svay Rieng, Cambodia",ACTIVE,SVA,SVAA013,Chres,Chres,0977050535,,SVA,Svay Rieng,Svay Rieng,AGENT,AGENT,AGENT,10.935155,106.057092,SVAA013 | Chres | 0977050535 | SVA | Svay Rieng | Chantrea | AGENT
SVAA014,Mream,AGENT,0979255956,Svay Rieng,Romeas Haek,Mream,"Mream, Romeas Haek, Svay Rieng, Cambodia",ACTIVE,SVA,SVAA014,Mream,Mream,0979255956,,SVA,Svay Rieng,Svay Rieng,AGENT,AGENT,AGENT,11.311113,105.674529,SVAA014 | Mream | 0979255956 | SVA | Svay Rieng | Romeas Haek | AGENT
SVAA015,Svay Thum,AGENT,0887241333,Svay Rieng,Svay Chrum,Svay Thum,"Svay Thum, Svay Chrum, Svay Rieng, Cambodia",ACTIVE,SVA,SVAA015,Svay Thum,Svay Thum,0887241333,,SVA,Svay Rieng,Svay Rieng,AGENT,AGENT,AGENT,11.021884,105.603819,SVAA015 | Svay Thum | 0887241333 | SVA | Svay Rieng | Svay Chrum | AGENT
SVAA016,Pou Reach,AGENT,0888787630,Svay Rieng,Svay Rieng,Pou Reach,"Pou Reach, Svay Rieng, Svay Rieng, Cambodia",ACTIVE,SVA,SVAA016,Pou Reach,Pou Reach,0888787630,,SVA,Svay Rieng,Svay Rieng,AGENT,AGENT,AGENT,11.150287,105.762472,SVAA016 | Pou Reach | 0888787630 | SVA | Svay Rieng | Svay Rieng | AGENT
SVAA017,Chrey Thum,AGENT,0887666963,Svay Rieng,Romeas Haek,Chrey Thum,"Chrey Thum, Romeas Haek, Svay Rieng, Cambodia",ACTIVE,SVA,SVAA017,Chrey Thum,Chrey Thum,0887666963,,SVA,Svay Rieng,Svay Rieng,AGENT,AGENT,AGENT,11.408281,105.716263,SVAA017 | Chrey Thum | 0887666963 | SVA | Svay Rieng | Romeas Haek | AGENT
SVAA018,Koki Saom,AGENT,0974444011,Svay Rieng,Svay Teab,Koki Saom,"Koki Saom, Svay Teab, Svay Rieng, Cambodia",ACTIVE,SVA,SVAA018,Koki Saom,Koki Saom,0974444011,,SVA,Svay Rieng,Svay Rieng,AGENT,AGENT,AGENT,11.159454,105.938441,SVAA018 | Koki Saom | 0974444011 | SVA | Svay Rieng | Svay Teab | AGENT
SVAA019,Svay Chrum,AGENT,0883644453,Svay Rieng,Svay Chrum,Svay Chrum,"Svay Chrum, Svay Chrum, Svay Rieng, Cambodia",ACTIVE,SVA,SVAA019,Svay Chrum,Svay Chrum,0883644453,,SVA,Svay Rieng,Svay Rieng,AGENT,AGENT,AGENT,11.117568,105.716027,SVAA019 | Svay Chrum | 0883644453 | SVA | Svay Rieng | Svay Chrum | AGENT
SVAA020,Pouthi,AGENT,0886658844,Svay Rieng,Svay Chrum,Pouthi,"Pouthi, Svay Chrum, Svay Rieng, Cambodia",ACTIVE,SVA,SVAA020,Pouthi,Pouthi,0886658844,,SVA,Svay Rieng,Svay Rieng,AGENT,AGENT,AGENT,10.9867,106.1258,SVAA020 | Pouthi | 0886658844 | SVA | Svay Rieng | Svay Chrum | AGENT
SVAA021,Chi Phu,AGENT,0975393893,Svay Rieng,Svay Rieng,Chi Phu,"Chi Phu, Svay Rieng, Svay Rieng, Cambodia",ACTIVE,SVA,SVAA021,Chi Phu,Chi Phu,0975393893,,SVA,Svay Rieng,Svay Rieng,AGENT,AGENT,AGENT,11.0351,106.0189,SVAA021 | Chi Phu | 0975393893 | SVA | Svay Rieng | Svay Rieng | AGENT
SVAA022,Bos Mon,AGENT,0977141888,Svay Rieng,Rumduol,Bos Mon,"Bos Mon, Rumduol, Svay Rieng, Cambodia",ACTIVE,SVA,SVAA022,Bos Mon,Bos Mon,0977141888,,SVA,Svay Rieng,Svay Rieng,AGENT,AGENT,AGENT,11.2337,105.8807,SVAA022 | Bos Mon | 0977141888 | SVA | Svay Rieng | Rumduol | AGENT
SVAA023,Prey Ta Ei,AGENT,0973572727,Svay Rieng,Svay Teab,Prey Ta Ei,"Prey Ta Ei, Svay Teab, Svay Rieng, Cambodia",ACTIVE,SVA,SVAA023,Prey Ta Ei,Prey Ta Ei,0973572727,,SVA,Svay Rieng,Svay Rieng,AGENT,AGENT,AGENT,11.1545,105.9796,SVAA023 | Prey Ta Ei | 0973572727 | SVA | Svay Rieng | Svay Teab | AGENT
SVAA024,Kraol Kou,AGENT,0882699969,Svay Rieng,Svay Chrum,Kraol Kou,"Kraol Kou, Svay Chrum, Svay Rieng, Cambodia",ACTIVE,SVA,SVAA024,Kraol Kou,Kraol Kou,0882699969,,SVA,Svay Rieng,Svay Rieng,AGENT,AGENT,AGENT,11.1519,105.6194,SVAA024 | Kraol Kou | 0882699969 | SVA | Svay Rieng | Svay Chrum | AGENT
SVAA025,Chher Teal,AGENT,0977479888,Svay Rieng,Svay Rieng,Chher Teal,"Chher Teal, Svay Rieng, Svay Rieng, Cambodia",ACTIVE,SVA,SVAA025,Chher Teal,Chher Teal,0977479888,,SVA,Svay Rieng,Svay Rieng,AGENT,AGENT,AGENT,11.0951,105.6486,SVAA025 | Chher Teal | 0977479888 | SVA | Svay Rieng | Svay Rieng | AGENT
SVAA026,Svay Ang,AGENT,0975685056,Svay Rieng,Svay Chrum,Svay Ang,"Svay Ang, Svay Chrum, Svay Rieng, Cambodia",ACTIVE,SVA,SVAA026,Svay Ang,Svay Ang,0975685056,,SVA,Svay Rieng,Svay Rieng,AGENT,AGENT,AGENT,11.2105,105.6728,SVAA026 | Svay Ang | 0975685056 | SVA | Svay Rieng | Svay Chrum | AGENT
SVAA027,Doung,AGENT,0977872091,Svay Rieng,Romeas Haek,Doung,"Doung, Romeas Haek, Svay Rieng, Cambodia",ACTIVE,SVA,SVAA027,Doung,Doung,0977872091,,SVA,Svay Rieng,Svay Rieng,AGENT,AGENT,AGENT,11.3383,105.8667,SVAA027 | Doung | 0977872091 | SVA | Svay Rieng | Romeas Haek | AGENT
SVAA028,Sambour,AGENT,0979003070,Svay Rieng,Svay Rieng,Sambour,"Sambour, Svay Rieng, Svay Rieng, Cambodia",ACTIVE,SVA,SVAA028,Sambour,Sambour,0979003070,,SVA,Svay Rieng,Svay Rieng,AGENT,AGENT,AGENT,11.4755,105.7108,SVAA028 | Sambour | 0979003070 | SVA | Svay Rieng | Svay Rieng | AGENT
SVAA029,Pong Tuek,AGENT,0976330633,Svay Rieng,Rumduol,Pong Tuek,"Pong Tuek, Rumduol, Svay Rieng, Cambodia",ACTIVE,SVA,SVAA029,Pong Tuek,Pong Tuek,0976330633,,SVA,Svay Rieng,Svay Rieng,AGENT,AGENT,AGENT,11.1944,105.87606,SVAA029 | Pong Tuek | 0976330633 | SVA | Svay Rieng | Rumduol | AGENT
SVAA030,Chantrei,AGENT,0714771463,Svay Rieng,Romeas Haek,Chantrei,"Chantrei, Romeas Haek, Svay Rieng, Cambodia",ACTIVE,SVA,SVAA030,Chantrei,Chantrei,0714771463,,SVA,Svay Rieng,Svay Rieng,AGENT,AGENT,AGENT,11.2836,105.7247,SVAA030 | Chantrei | 0714771463 | SVA | Svay Rieng | Romeas Haek | AGENT
SVAA032,Preah Ponlea,AGENT,0883851601,Svay Rieng,Kampong Rou,Preah Ponlea,"Preah Ponlea, Kampong Rou, Svay Rieng, Cambodia",ACTIVE,SVA,SVAA032,Preah Ponlea,Preah Ponlea,0883851601,,SVA,Svay Rieng,Svay Rieng,AGENT,AGENT,AGENT,11.0083,105.8834,SVAA032 | Preah Ponlea | 0883851601 | SVA | Svay Rieng | Kampong Rou | AGENT
SVAA033,Svay Rumpear,AGENT,0716525373,Svay Rieng,Svay Teab,Svay Rumpear,"Svay Rumpear, Svay Teab, Svay Rieng, Cambodia",ACTIVE,SVA,SVAA033,Svay Rumpear,Svay Rumpear,0716525373,,SVA,Svay Rieng,Svay Rieng,AGENT,AGENT,AGENT,11.1456,105.89309,SVAA033 | Svay Rumpear | 0716525373 | SVA | Svay Rieng | Svay Teab | AGENT
SVAA034,Meun Chey,AGENT,0975440080,Svay Rieng,Rumduol,Meun Chey,"Meun Chey, Rumduol, Svay Rieng, Cambodia",ACTIVE,SVA,SVAA034,Meun Chey,Meun Chey,0975440080,,SVA,Svay Rieng,Svay Rieng,AGENT,AGENT,AGENT,11.217,105.7522,SVAA034 | Meun Chey | 0975440080 | SVA | Svay Rieng | Rumduol | AGENT
SVAA035,Svay Yea,AGENT,0312222656,Svay Rieng,Svay Chrum,Svay Yea,"Svay Yea, Svay Chrum, Svay Rieng, Cambodia",ACTIVE,SVA,SVAA035,Svay Yea,Svay Yea,0312222656,,SVA,Svay Rieng,Svay Rieng,AGENT,AGENT,AGENT,11.2201,105.635,SVAA035 | Svay Yea | 0312222656 | SVA | Svay Rieng | Svay Chrum | AGENT
SVAA036,Kuok Preang,AGENT,0979382744,Svay Rieng,Svay Rieng,Kuok Preang,"Kuok Preang, Svay Rieng, Svay Rieng, Cambodia",ACTIVE,SVA,SVAA036,Kuok Preang,Kuok Preang,0979382744,,SVA,Svay Rieng,Svay Rieng,AGENT,AGENT,AGENT,11.1677,105.7103,SVAA036 | Kuok Preang | 0979382744 | SVA | Svay Rieng | Svay Rieng | AGENT
SVAA037,Basak,AGENT,0975312188,Svay Rieng,Svay Chrum,Basak,"Basak, Svay Chrum, Svay Rieng, Cambodia",ACTIVE,SVA,SVAA037,Basak,Basak,0975312188,,SVA,Svay Rieng,Svay Rieng,AGENT,AGENT,AGENT,11.0395,105.8177,SVAA037 | Basak | 0975312188 | SVA | Svay Rieng | Svay Chrum | AGENT
SVAA038,Basak,AGENT,0979245388,Svay Rieng,Svay Chrum,Basak,"Basak, Svay Chrum, Svay Rieng, Cambodia",ACTIVE,SVA,SVAA038,Basak,Basak,0979245388,,SVA,Svay Rieng,Svay Rieng,AGENT,AGENT,AGENT,11.0597,105.7457,SVAA038 | Basak | 0979245388 | SVA | Svay Rieng | Svay Chrum | AGENT
SVAA039,Pra sout,AGENT,0889554113,Svay Rieng,Svay Teab,Pra sout,"Pra sout, Svay Teab, Svay Rieng, Cambodia",ACTIVE,SVA,SVAA039,Pra sout,Pra sout,0889554113,,SVA,Svay Rieng,Svay Rieng,AGENT,AGENT,AGENT,11.0506,105.8917,SVAA039 | Pra sout | 0889554113 | SVA | Svay Rieng | Svay Teab | AGENT
SVAP001,Svay Rieng,POST,0979938909,Svay Rieng,Svay Rieng,Svay Rieng,"Svay Rieng, Svay Rieng, Svay Rieng, Cambodia",ACTIVE,SVA,SVAP001,Svay Rieng,Svay Rieng,0979938909,,SVA,Svay Rieng,Svay Rieng,POST,POST,POST,11.0914361,105.7915562,SVAP001 | Svay Rieng | 0979938909 | SVA | Svay Rieng | Svay Rieng | POST
SVAS001,Svay Rieng,POST,0252104,Svay Rieng,Svay Rieng,Svay Rieng,"Svay Rieng, Svay Rieng, Svay Rieng, Cambodia",ACTIVE,SVA,SVAS001,Svay Rieng,Svay Rieng,0252104,,SVA,Svay Rieng,Svay Rieng,POST,POST,POST,11.082903,105.7966346,SVAS001 | Svay Rieng | 0252104 | SVA | Svay Rieng | Svay Rieng | POST
SVAS002,Bavet,POST,0444057,Svay Rieng,Bavet,Bavet,"Bavet, Bavet, Svay Rieng, Cambodia",ACTIVE,SVA,SVAS002,Bavet,Bavet,0444057,,SVA,Svay Rieng,Svay Rieng,POST,POST,POST,11.0705,106.1577,SVAS002 | Bavet | 0444057 | SVA | Svay Rieng | Bavet | POST
SVAS003,Chrak Mtes,POST,0702062,Svay Rieng,Bavet,Chrak Mtes,"Chrak Mtes, Bavet, Svay Rieng, Cambodia",ACTIVE,SVA,SVAS003,Chrak Mtes,Chrak Mtes,0702062,,SVA,Svay Rieng,Svay Rieng,POST,POST,POST,11.0381,106.0115,SVAS003 | Chrak Mtes | 0702062 | SVA | Svay Rieng | Bavet | POST
SVAS004,Kampong Trach,POST,024,Svay Rieng,Romeas Haek,Kampong Trach,"Kampong Trach, Romeas Haek, Svay Rieng, Cambodia",ACTIVE,SVA,SVAS004,Kampong Trach,Kampong Trach,024,,SVA,Svay Rieng,Svay Rieng,POST,POST,POST,11.412753,105.794946,SVAS004 | Kampong Trach | 024 | SVA | Svay Rieng | Romeas Haek | POST
​​SVAA031,Prey Pdav,AGENT,0887889383,Svay Rieng,Svay Rieng,Prey Pdav,"Prey Pdav, Svay Rieng, Svay Rieng, Cambodia",ACTIVE,SVA,​​SVAA031,Prey Pdav,Prey Pdav,0887889383,,SVA,Svay Rieng,Svay Rieng,AGENT,AGENT,AGENT,11.047,106.0728,​​SVAA031 | Prey Pdav | 0887889383 | SVA | Svay Rieng | Svay Rieng | AGENT
TAKA001,Ou Saray,AGENT,0979577757,Takeo,Tram Kak,Ou Saray,"Ou Saray, Tram Kak, Takeo, Cambodia",ACTIVE,TAK,TAKA001,Ou Saray,Ou Saray,0979577757,,TAK,Takeo,Takeo,AGENT,AGENT,AGENT,11.075468,104.496893,TAKA001 | Ou Saray | 0979577757 | TAK | Takeo | Tram Kak | AGENT
TAKA002,Sun Chanchav,AGENT,0979997422,Takeo,Doun Kaev,Sun Chanchav,"Sun Chanchav, Doun Kaev, Takeo, Cambodia",ACTIVE,TAK,TAKA002,Sun Chanchav,Sun Chanchav,0979997422,,TAK,Takeo,Takeo,AGENT,AGENT,AGENT,11.034202,104.590535,TAKA002 | Sun Chanchav | 0979997422 | TAK | Takeo | Doun Kaev | AGENT
TAKA003,Trapeang Kranhung,AGENT,090464768,Takeo,Doun Kaev,Trapeang Kranhung,"Trapeang Kranhung, Doun Kaev, Takeo, Cambodia",ACTIVE,TAK,TAKA003,Trapeang Kranhung,Trapeang Kranhung,090464768,,TAK,Takeo,Takeo,AGENT,AGENT,AGENT,11.093079,104.414537,TAKA003 | Trapeang Kranhung | 090464768 | TAK | Takeo | Doun Kaev | AGENT
TAKA004,Tram Kak,AGENT,0978347373,Takeo,Tram Kak,Tram Kak,"Tram Kak, Tram Kak, Takeo, Cambodia",ACTIVE,TAK,TAKA004,Tram Kak,Tram Kak,0978347373,,TAK,Takeo,Takeo,AGENT,AGENT,AGENT,10.911496,104.589815,TAKA004 | Tram Kak | 0978347373 | TAK | Takeo | Tram Kak | AGENT
TAKA005,Romenh 01,AGENT,0882509797,Takeo,Kaoh Andaet,Romenh 01,"Romenh 01, Kaoh Andaet, Takeo, Cambodia",ACTIVE,TAK,TAKA005,Romenh 01,Romenh 01,0882509797,,TAK,Takeo,Takeo,AGENT,AGENT,AGENT,10.7957,104.9502,TAKA005 | Romenh 01 | 0882509797 | TAK | Takeo | Kaoh Andaet | AGENT
TAKA006,Sambuor,AGENT,0974442250,Takeo,Treang,Sambuor,"Sambuor, Treang, Takeo, Cambodia",ACTIVE,TAK,TAKA006,Sambuor,Sambuor,0974442250,,TAK,Takeo,Takeo,AGENT,AGENT,AGENT,10.962474,104.857369,TAKA006 | Sambuor | 0974442250 | TAK | Takeo | Treang | AGENT
TAKA007,Angkanh,AGENT,0716073334,Takeo,Prey Kabbas,Angkanh,"Angkanh, Prey Kabbas, Takeo, Cambodia",ACTIVE,TAK,TAKA007,Angkanh,Angkanh,0716073334,,TAK,Takeo,Takeo,AGENT,AGENT,AGENT,11.083932,104.94629,TAKA007 | Angkanh | 0716073334 | TAK | Takeo | Prey Kabbas | AGENT
TAKA008,Khvav,AGENT,0973338659,Takeo,Samraong,Khvav,"Khvav, Samraong, Takeo, Cambodia",ACTIVE,TAK,TAKA008,Khvav,Khvav,0973338659,,TAK,Takeo,Takeo,AGENT,AGENT,AGENT,10.92014,104.72301,TAKA008 | Khvav | 0973338659 | TAK | Takeo | Samraong | AGENT
TAKA009,Kouk Pou,AGENT,0715926060,Takeo,Borei Cholsar,Kouk Pou,"Kouk Pou, Borei Cholsar, Takeo, Cambodia",ACTIVE,TAK,TAKA009,Kouk Pou,Kouk Pou,0715926060,,TAK,Takeo,Takeo,AGENT,AGENT,AGENT,10.892675,104.902756,TAKA009 | Kouk Pou | 0715926060 | TAK | Takeo | Borei Cholsar | AGENT
TAKA010,Krapum Chhuk,AGENT,0314792525,Takeo,Kaoh Andaet,Krapum Chhuk,"Krapum Chhuk, Kaoh Andaet, Takeo, Cambodia",ACTIVE,TAK,TAKA010,Krapum Chhuk,Krapum Chhuk,0314792525,,TAK,Takeo,Takeo,AGENT,AGENT,AGENT,10.706738,104.916813,TAKA010 | Krapum Chhuk | 0314792525 | TAK | Takeo | Kaoh Andaet | AGENT
TAKA011,Prey Rumdeng,AGENT,0977969632,Takeo,Kiri Vong,Prey Rumdeng,"Prey Rumdeng, Kiri Vong, Takeo, Cambodia",ACTIVE,TAK,TAKA011,Prey Rumdeng,Prey Rumdeng,0977969632,,TAK,Takeo,Takeo,AGENT,AGENT,AGENT,10.619044,104.767197,TAKA011 | Prey Rumdeng | 0977969632 | TAK | Takeo | Kiri Vong | AGENT
TAKA012,Prey Sloek,AGENT,0883003500,Takeo,Treang,Prey Sloek,"Prey Sloek, Treang, Takeo, Cambodia",ACTIVE,TAK,TAKA012,Prey Sloek,Prey Sloek,0883003500,,TAK,Takeo,Takeo,AGENT,AGENT,AGENT,10.904813,104.783549,TAKA012 | Prey Sloek | 0883003500 | TAK | Takeo | Treang | AGENT
TAKA013,Phnum Den,AGENT,0719966622,Takeo,Kiri Vong,Phnum Den,"Phnum Den, Kiri Vong, Takeo, Cambodia",ACTIVE,TAK,TAKA013,Phnum Den,Phnum Den,0719966622,,TAK,Takeo,Takeo,AGENT,AGENT,AGENT,10.60243,104.906536,TAKA013 | Phnum Den | 0719966622 | TAK | Takeo | Kiri Vong | AGENT
TAKA014,Prey Phdau,AGENT,068565053,Takeo,Prey Kabbas,Prey Phdau,"Prey Phdau, Prey Kabbas, Takeo, Cambodia",ACTIVE,TAK,TAKA014,Prey Phdau,Prey Phdau,068565053,,TAK,Takeo,Takeo,AGENT,AGENT,AGENT,11.165364,104.876075,TAKA014 | Prey Phdau | 068565053 | TAK | Takeo | Prey Kabbas | AGENT
TAKA015,Romenh 02,AGENT,0718199971,Takeo,Kaoh Andaet,Romenh 02,"Romenh 02, Kaoh Andaet, Takeo, Cambodia",ACTIVE,TAK,TAKA015,Romenh 02,Romenh 02,0718199971,,TAK,Takeo,Takeo,AGENT,AGENT,AGENT,10.800032,104.937742,TAKA015 | Romenh 02 | 0718199971 | TAK | Takeo | Kaoh Andaet | AGENT
TAKA016,Angkor Borei,AGENT,0882456600,Takeo,Angkor Borei,Angkor Borei,"Angkor Borei, Angkor Borei, Takeo, Cambodia",ACTIVE,TAK,TAKA016,Angkor Borei,Angkor Borei,0882456600,,TAK,Takeo,Takeo,AGENT,AGENT,AGENT,10.997932,104.973288,TAKA016 | Angkor Borei | 0882456600 | TAK | Takeo | Angkor Borei | AGENT
TAKA017,Trea,AGENT,0973252226,Takeo,Samraong,Trea,"Trea, Samraong, Takeo, Cambodia",ACTIVE,TAK,TAKA017,Trea,Trea,0973252226,,TAK,Takeo,Takeo,AGENT,AGENT,AGENT,11.103537,104.821108,TAKA017 | Trea | 0973252226 | TAK | Takeo | Samraong | AGENT
TAKA018,Doung Khpos,AGENT,0716504365,Takeo,Bati,Doung Khpos,"Doung Khpos, Bati, Takeo, Cambodia",ACTIVE,TAK,TAKA018,Doung Khpos,Doung Khpos,0716504365,,TAK,Takeo,Takeo,AGENT,AGENT,AGENT,10.867205,104.86635,TAKA018 | Doung Khpos | 0716504365 | TAK | Takeo | Bati | AGENT
TAKA019,Lumchang,AGENT,0884366010,Takeo,Samraong,Lumchang,"Lumchang, Samraong, Takeo, Cambodia",ACTIVE,TAK,TAKA019,Lumchang,Lumchang,0884366010,,TAK,Takeo,Takeo,AGENT,AGENT,AGENT,11.073395,104.75951,TAKA019 | Lumchang | 0884366010 | TAK | Takeo | Samraong | AGENT
TAKA020,Prey Khla,AGENT,068596596,Takeo,Kaoh Andaet,Prey Khla,"Prey Khla, Kaoh Andaet, Takeo, Cambodia",ACTIVE,TAK,TAKA020,Prey Khla,Prey Khla,068596596,,TAK,Takeo,Takeo,AGENT,AGENT,AGENT,10.75647,104.872143,TAKA020 | Prey Khla | 068596596 | TAK | Takeo | Kaoh Andaet | AGENT
TAKA022,Kandoeng,AGENT,060976777,Takeo,Bati,Kandoeng,"Kandoeng, Bati, Takeo, Cambodia",ACTIVE,TAK,TAKA022,Kandoeng,Kandoeng,060976777,,TAK,Takeo,Takeo,AGENT,AGENT,AGENT,11.285664,104.840462,TAKA022 | Kandoeng | 060976777 | TAK | Takeo | Bati | AGENT
TAKA023,Rovieng,AGENT,0978900095,Takeo,Samraong,Rovieng,"Rovieng, Samraong, Takeo, Cambodia",ACTIVE,TAK,TAKA023,Rovieng,Rovieng,0978900095,,TAK,Takeo,Takeo,AGENT,AGENT,AGENT,11.201191,104.787972,TAKA023 | Rovieng | 0978900095 | TAK | Takeo | Samraong | AGENT
TAKA024,Ta Ou,AGENT,0889879540,Takeo,Kiri Vong,Ta Ou,"Ta Ou, Kiri Vong, Takeo, Cambodia",ACTIVE,TAK,TAKA024,Ta Ou,Ta Ou,0889879540,,TAK,Takeo,Takeo,AGENT,AGENT,AGENT,10.577666,104.798714,TAKA024 | Ta Ou | 0889879540 | TAK | Takeo | Kiri Vong | AGENT
TAKA025,Ang Ta Saom,AGENT,0312850101,Takeo,Kiri Vong,Ang Ta Saom,"Ang Ta Saom, Kiri Vong, Takeo, Cambodia",ACTIVE,TAK,TAKA025,Ang Ta Saom,Ang Ta Saom,0312850101,,TAK,Takeo,Takeo,AGENT,AGENT,AGENT,11.012834,104.672232,TAKA025 | Ang Ta Saom | 0312850101 | TAK | Takeo | Kiri Vong | AGENT
TAKA026,Prey Ampok,AGENT,0972726725,Takeo,Kiri Vong,Prey Ampok,"Prey Ampok, Kiri Vong, Takeo, Cambodia",ACTIVE,TAK,TAKA026,Prey Ampok,Prey Ampok,0972726725,,TAK,Takeo,Takeo,AGENT,AGENT,AGENT,10.632234,104.791171,TAKA026 | Prey Ampok | 0972726725 | TAK | Takeo | Kiri Vong | AGENT
TAKA027,Preah Bat Choan Chum,AGENT,0888831888,Takeo,Kiri Vong,Preah Bat Choan Chum,"Preah Bat Choan Chum, Kiri Vong, Takeo, Cambodia",ACTIVE,TAK,TAKA027,Preah Bat Choan Chum,Preah Bat Choan Chum,0888831888,,TAK,Takeo,Takeo,AGENT,AGENT,AGENT,10.644722,104.874741,TAKA027 | Preah Bat Choan Chum | 0888831888 | TAK | Takeo | Kiri Vong | AGENT
TAKA028,Borei Chulsar,AGENT,0717077780,Takeo,Doun Kaev,Borei Chulsar,"Borei Chulsar, Doun Kaev, Takeo, Cambodia",ACTIVE,TAK,TAKA028,Borei Chulsar,Borei Chulsar,0717077780,,TAK,Takeo,Takeo,AGENT,AGENT,AGENT,10.859956,104.947543,TAKA028 | Borei Chulsar | 0717077780 | TAK | Takeo | Doun Kaev | AGENT
TAKA029,Cheung Koun,AGENT,0977943705,Takeo,Doun Kaev,Cheung Koun,"Cheung Koun, Doun Kaev, Takeo, Cambodia",ACTIVE,TAK,TAKA029,Cheung Koun,Cheung Koun,0977943705,,TAK,Takeo,Takeo,AGENT,AGENT,AGENT,11.119354,104.821107,TAKA029 | Cheung Koun | 0977943705 | TAK | Takeo | Doun Kaev | AGENT
TAKA031,Ba Srae,AGENT,0889666094,Takeo,Angkor Borei,Ba Srae,"Ba Srae, Angkor Borei, Takeo, Cambodia",ACTIVE,TAK,TAKA031,Ba Srae,Ba Srae,0889666094,,TAK,Takeo,Takeo,AGENT,AGENT,AGENT,11.056967,104.952222,TAKA031 | Ba Srae | 0889666094 | TAK | Takeo | Angkor Borei | AGENT
TAKA032,Roka Krau,AGENT,0887333393,Takeo,Doun Kaev,Roka Krau,"Roka Krau, Doun Kaev, Takeo, Cambodia",ACTIVE,TAK,TAKA032,Roka Krau,Roka Krau,0887333393,,TAK,Takeo,Takeo,AGENT,AGENT,AGENT,10.97977,104.778003,TAKA032 | Roka Krau | 0887333393 | TAK | Takeo | Doun Kaev | AGENT
TAKA033,Prey Kabbas,AGENT,0976304505,Takeo,Prey Kabbas,Prey Kabbas,"Prey Kabbas, Prey Kabbas, Takeo, Cambodia",ACTIVE,TAK,TAKA033,Prey Kabbas,Prey Kabbas,0976304505,,TAK,Takeo,Takeo,AGENT,AGENT,AGENT,11.162099,104.958486,TAKA033 | Prey Kabbas | 0976304505 | TAK | Takeo | Prey Kabbas | AGENT
TAKA034,Rokar Knong,AGENT,0979550999,Takeo,Doun Kaev,Rokar Knong,"Rokar Knong, Doun Kaev, Takeo, Cambodia",ACTIVE,TAK,TAKA034,Rokar Knong,Rokar Knong,0979550999,,TAK,Takeo,Takeo,AGENT,AGENT,AGENT,10.981908,104.777601,TAKA034 | Rokar Knong | 0979550999 | TAK | Takeo | Doun Kaev | AGENT
TAKA035,Sanlung,AGENT,0889398205,Takeo,Treang,Sanlung,"Sanlung, Treang, Takeo, Cambodia",ACTIVE,TAK,TAKA035,Sanlung,Sanlung,0889398205,,TAK,Takeo,Takeo,AGENT,AGENT,AGENT,10.800574,104.765602,TAKA035 | Sanlung | 0889398205 | TAK | Takeo | Treang | AGENT
TAKA036,Tnolbek,AGENT,0882516699,Takeo,Doun Kaev,Tnolbek,"Tnolbek, Doun Kaev, Takeo, Cambodia",ACTIVE,TAK,TAKA036,Tnolbek,Tnolbek,0882516699,,TAK,Takeo,Takeo,AGENT,AGENT,AGENT,10.810856,104.806805,TAKA036 | Tnolbek | 0882516699 | TAK | Takeo | Doun Kaev | AGENT
TAKA037,Dong,AGENT,0717201133,Takeo,Doun Kaev,Dong,"Dong, Doun Kaev, Takeo, Cambodia",ACTIVE,TAK,TAKA037,Dong,Dong,0717201133,,TAK,Takeo,Takeo,AGENT,AGENT,AGENT,11.233967,104.905711,TAKA037 | Dong | 0717201133 | TAK | Takeo | Doun Kaev | AGENT
TAKA038,Smoung,AGENT,0882515757,Takeo,Doun Kaev,Smoung,"Smoung, Doun Kaev, Takeo, Cambodia",INACTIVE,TAK,TAKA038,Smoung,Smoung,0882515757,,TAK,Takeo,Takeo,AGENT,AGENT,AGENT,10.793938,104.817752,TAKA038 | Smoung | 0882515757 | TAK | Takeo | Doun Kaev | AGENT
TAKA039,Krapum Chhuk,AGENT,0882507979,Takeo,Kaoh Andaet,Krapum Chhuk,"Krapum Chhuk, Kaoh Andaet, Takeo, Cambodia",ACTIVE,TAK,TAKA039,Krapum Chhuk,Krapum Chhuk,0882507979,,TAK,Takeo,Takeo,AGENT,AGENT,AGENT,10.739098,104.924613,TAKA039 | Krapum Chhuk | 0882507979 | TAK | Takeo | Kaoh Andaet | AGENT
TAKA040,Kompong Chrey,AGENT,0888080908,Takeo,Doun Kaev,Kompong Chrey,"Kompong Chrey, Doun Kaev, Takeo, Cambodia",ACTIVE,TAK,TAKA040,Kompong Chrey,Kompong Chrey,0888080908,,TAK,Takeo,Takeo,AGENT,AGENT,AGENT,10.792778,104.818443,TAKA040 | Kompong Chrey | 0888080908 | TAK | Takeo | Doun Kaev | AGENT
TAKA041,Leaybo,AGENT,0717978899,Takeo,Tram Kak,Leaybo,"Leaybo, Tram Kak, Takeo, Cambodia",ACTIVE,TAK,TAKA041,Leaybo,Leaybo,0717978899,,TAK,Takeo,Takeo,AGENT,AGENT,AGENT,11.004646,104.723152,TAKA041 | Leaybo | 0717978899 | TAK | Takeo | Tram Kak | AGENT
TAKA042,Samraong Tonle Bati,AGENT,0975468990,Takeo,Samraong,Samraong Tonle Bati,"Samraong Tonle Bati, Samraong, Takeo, Cambodia",ACTIVE,TAK,TAKA042,Samraong Tonle Bati,Samraong Tonle Bati,0975468990,,TAK,Takeo,Takeo,AGENT,AGENT,AGENT,11.331466,104.861644,TAKA042 | Samraong Tonle Bati | 0975468990 | TAK | Takeo | Samraong | AGENT
TAKP001,Doun Kaev,POST,0885749816,Takeo,Doun Kaev,Doun Kaev,"Doun Kaev, Doun Kaev, Takeo, Cambodia",ACTIVE,TAK,TAKP001,Doun Kaev,Doun Kaev,0885749816,,TAK,Takeo,Takeo,POST,POST,POST,10.989227,104.773957,TAKP001 | Doun Kaev | 0885749816 | TAK | Takeo | Doun Kaev | POST
TAKS001,Roka Krau,POST,0974344448,Takeo,Doun Kaev,Roka Krau,"Roka Krau, Doun Kaev, Takeo, Cambodia",ACTIVE,TAK,TAKS001,Roka Krau,Roka Krau,0974344448,,TAK,Takeo,Takeo,POST,POST,POST,10.9791,104.7772,TAKS001 | Roka Krau | 0974344448 | TAK | Takeo | Doun Kaev | POST
TAKS002,Ang Ta Saom,POST,066258525,Takeo,Kiri Vong,Ang Ta Saom,"Ang Ta Saom, Kiri Vong, Takeo, Cambodia",ACTIVE,TAK,TAKS002,Ang Ta Saom,Ang Ta Saom,066258525,,TAK,Takeo,Takeo,POST,POST,POST,11.0101,104.6718,TAKS002 | Ang Ta Saom | 066258525 | TAK | Takeo | Kiri Vong | POST
TAKS003,Trapeang Sab,POST,0888141743,Takeo,Bati,Trapeang Sab,"Trapeang Sab, Bati, Takeo, Cambodia",ACTIVE,TAK,TAKS003,Trapeang Sab,Trapeang Sab,0888141743,,TAK,Takeo,Takeo,POST,POST,POST,11.2656982757642,104.825915410417,TAKS003 | Trapeang Sab | 0888141743 | TAK | Takeo | Bati | POST
TAKS004,Preah Bat Choan Chum,POST,0973228886,Takeo,Kiri Vong,Preah Bat Choan Chum,"Preah Bat Choan Chum, Kiri Vong, Takeo, Cambodia",ACTIVE,TAK,TAKS004,Preah Bat Choan Chum,Preah Bat Choan Chum,0973228886,,TAK,Takeo,Takeo,POST,POST,POST,10.6442,104.875,TAKS004 | Preah Bat Choan Chum | 0973228886 | TAK | Takeo | Kiri Vong | POST
TBKA001,Peus Mouy,AGENT,068737348,Tboung Khmum,Suong,Peus Mouy,"Peus Mouy, Suong, Tboung Khmum, Cambodia",ACTIVE,TBK,TBKA001,Peus Mouy,Peus Mouy,068737348,,TBK,Tboung Khmum,Tboung Khmum,AGENT,AGENT,AGENT,12.248393,105.717783,TBKA001 | Peus Mouy | 068737348 | TBK | Tboung Khmum | Suong | AGENT
TBKA002,Tramung,AGENT,0885963596,Tboung Khmum,Memot,Tramung,"Tramung, Memot, Tboung Khmum, Cambodia",ACTIVE,TBK,TBKA002,Tramung,Tramung,0885963596,,TBK,Tboung Khmum,Tboung Khmum,AGENT,AGENT,AGENT,11.819494,106.190896,TBKA002 | Tramung | 0885963596 | TBK | Tboung Khmum | Memot | AGENT
TBKA003,Rokarpo Pram,AGENT,0973144459,Tboung Khmum,Suong,Rokarpo Pram,"Rokarpo Pram, Suong, Tboung Khmum, Cambodia",ACTIVE,TBK,TBKA003,Rokarpo Pram,Rokarpo Pram,0973144459,,TBK,Tboung Khmum,Tboung Khmum,AGENT,AGENT,AGENT,12.040843,105.711399,TBKA003 | Rokarpo Pram | 0973144459 | TBK | Tboung Khmum | Suong | AGENT
TBKA004,Choam Kravien,AGENT,0712266338,Tboung Khmum,Memot,Choam Kravien,"Choam Kravien, Memot, Tboung Khmum, Cambodia",ACTIVE,TBK,TBKA004,Choam Kravien,Choam Kravien,0712266338,,TBK,Tboung Khmum,Tboung Khmum,AGENT,AGENT,AGENT,11.770064,106.338638,TBKA004 | Choam Kravien | 0712266338 | TBK | Tboung Khmum | Memot | AGENT
TBKA005,Dar,AGENT,060744744,Tboung Khmum,Memot,Dar,"Dar, Memot, Tboung Khmum, Cambodia",ACTIVE,TBK,TBKA005,Dar,Dar,060744744,,TBK,Tboung Khmum,Tboung Khmum,AGENT,AGENT,AGENT,11.80188,106.119953,TBKA005 | Dar | 060744744 | TBK | Tboung Khmum | Memot | AGENT
TBKA006,Rumchek,AGENT,0977161141,Tboung Khmum,Memot,Rumchek,"Rumchek, Memot, Tboung Khmum, Cambodia",ACTIVE,TBK,TBKA006,Rumchek,Rumchek,0977161141,,TBK,Tboung Khmum,Tboung Khmum,AGENT,AGENT,AGENT,12.105325,106.000691,TBKA006 | Rumchek | 0977161141 | TBK | Tboung Khmum | Memot | AGENT
TBKA008,Kaong Kang,AGENT,0888574737,Tboung Khmum,Ponhea Kraek,Kaong Kang,"Kaong Kang, Ponhea Kraek, Tboung Khmum, Cambodia",ACTIVE,TBK,TBKA008,Kaong Kang,Kaong Kang,0888574737,,TBK,Tboung Khmum,Tboung Khmum,AGENT,AGENT,AGENT,11.810423,105.844209,TBKA008 | Kaong Kang | 0888574737 | TBK | Tboung Khmum | Ponhea Kraek | AGENT
TBKA009,Trapeang Phlong,AGENT,0884540504,Tboung Khmum,Ponhea Kraek,Trapeang Phlong,"Trapeang Phlong, Ponhea Kraek, Tboung Khmum, Cambodia",ACTIVE,TBK,TBKA009,Trapeang Phlong,Trapeang Phlong,0884540504,,TBK,Tboung Khmum,Tboung Khmum,AGENT,AGENT,AGENT,11.692978,105.966143,TBKA009 | Trapeang Phlong | 0884540504 | TBK | Tboung Khmum | Ponhea Kraek | AGENT
TBKA010,Dambae,AGENT,0715000544,Tboung Khmum,Dambae,Dambae,"Dambae, Dambae, Tboung Khmum, Cambodia",ACTIVE,TBK,TBKA010,Dambae,Dambae,0715000544,,TBK,Tboung Khmum,Tboung Khmum,AGENT,AGENT,AGENT,12.017253,105.884091,TBKA010 | Dambae | 0715000544 | TBK | Tboung Khmum | Dambae | AGENT
TBKA011,Chong Cheach,AGENT,0975645656,Tboung Khmum,Dambae,Chong Cheach,"Chong Cheach, Dambae, Tboung Khmum, Cambodia",ACTIVE,TBK,TBKA011,Chong Cheach,Chong Cheach,0975645656,,TBK,Tboung Khmum,Tboung Khmum,AGENT,AGENT,AGENT,11.912352,105.861044,TBKA011 | Chong Cheach | 0975645656 | TBK | Tboung Khmum | Dambae | AGENT
TBKA012,Chhuk,AGENT,0713223344,Tboung Khmum,Krouch Chhmar,Chhuk,"Chhuk, Krouch Chhmar, Tboung Khmum, Cambodia",ACTIVE,TBK,TBKA012,Chhuk,Chhuk,0713223344,,TBK,Tboung Khmum,Tboung Khmum,AGENT,AGENT,AGENT,12.157931,105.739451,TBKA012 | Chhuk | 0713223344 | TBK | Tboung Khmum | Krouch Chhmar | AGENT
TBKA013,Chumnik,AGENT,0979840645,Tboung Khmum,Krouch Chhmar,Chumnik,"Chumnik, Krouch Chhmar, Tboung Khmum, Cambodia",ACTIVE,TBK,TBKA013,Chumnik,Chumnik,0979840645,,TBK,Tboung Khmum,Tboung Khmum,AGENT,AGENT,AGENT,12.25263,105.817345,TBKA013 | Chumnik | 0979840645 | TBK | Tboung Khmum | Krouch Chhmar | AGENT
TBKA014,Trea,AGENT,0887088800,Tboung Khmum,Krouch Chhmar,Trea,"Trea, Krouch Chhmar, Tboung Khmum, Cambodia",ACTIVE,TBK,TBKA014,Trea,Trea,0887088800,,TBK,Tboung Khmum,Tboung Khmum,AGENT,AGENT,AGENT,12.234293,105.546472,TBKA014 | Trea | 0887088800 | TBK | Tboung Khmum | Krouch Chhmar | AGENT
TBKA015,Chak,AGENT,0887233382,Tboung Khmum,Ou Reang Ov,Chak,"Chak, Ou Reang Ov, Tboung Khmum, Cambodia",ACTIVE,TBK,TBKA015,Chak,Chak,0887233382,,TBK,Tboung Khmum,Tboung Khmum,AGENT,AGENT,AGENT,11.776389,105.598362,TBKA015 | Chak | 0887233382 | TBK | Tboung Khmum | Ou Reang Ov | AGENT
TBKA016,Kraek,AGENT,0978885861,Tboung Khmum,Ponhea Kraek,Kraek,"Kraek, Ponhea Kraek, Tboung Khmum, Cambodia",ACTIVE,TBK,TBKA016,Kraek,Kraek,0978885861,,TBK,Tboung Khmum,Tboung Khmum,AGENT,AGENT,AGENT,11.785283,106.002698,TBKA016 | Kraek | 0978885861 | TBK | Tboung Khmum | Ponhea Kraek | AGENT
TBKA017,Kor 01,AGENT,0976451168,Tboung Khmum,Tboung Khmum,Kor 01,"Kor 01, Tboung Khmum, Tboung Khmum, Cambodia",ACTIVE,TBK,TBKA017,Kor 01,Kor 01,0976451168,,TBK,Tboung Khmum,Tboung Khmum,AGENT,AGENT,AGENT,11.973743,105.742968,TBKA017 | Kor 01 | 0976451168 | TBK | Tboung Khmum | Tboung Khmum | AGENT
TBKA018,Choam Ta Mau,AGENT,0886768706,Tboung Khmum,Memot,Choam Ta Mau,"Choam Ta Mau, Memot, Tboung Khmum, Cambodia",ACTIVE,TBK,TBKA018,Choam Ta Mau,Choam Ta Mau,0886768706,,TBK,Tboung Khmum,Tboung Khmum,AGENT,AGENT,AGENT,11.886598,106.243362,TBKA018 | Choam Ta Mau | 0886768706 | TBK | Tboung Khmum | Memot | AGENT
TBKA019,Chob,AGENT,0979696886,Tboung Khmum,Tboung Khmum,Chob,"Chob, Tboung Khmum, Tboung Khmum, Cambodia",ACTIVE,TBK,TBKA019,Chob,Chob,0979696886,,TBK,Tboung Khmum,Tboung Khmum,AGENT,AGENT,AGENT,11.918445,105.603895,TBKA019 | Chob | 0979696886 | TBK | Tboung Khmum | Tboung Khmum | AGENT
TBKA020,Peam Chileang,AGENT,0974912222,Tboung Khmum,Tboung Khmum,Peam Chileang,"Peam Chileang, Tboung Khmum, Tboung Khmum, Cambodia",ACTIVE,TBK,TBKA020,Peam Chileang,Peam Chileang,0974912222,,TBK,Tboung Khmum,Tboung Khmum,AGENT,AGENT,AGENT,12.101092,105.547606,TBKA020 | Peam Chileang | 0974912222 | TBK | Tboung Khmum | Tboung Khmum | AGENT
TBKA021,Sralab,AGENT,0972588168,Tboung Khmum,Tboung Khmum,Sralab,"Sralab, Tboung Khmum, Tboung Khmum, Cambodia",ACTIVE,TBK,TBKA021,Sralab,Sralab,0972588168,,TBK,Tboung Khmum,Tboung Khmum,AGENT,AGENT,AGENT,11.862282,105.738753,TBKA021 | Sralab | 0972588168 | TBK | Tboung Khmum | Tboung Khmum | AGENT
TBKA022,Kor 02,AGENT,0978785059,Tboung Khmum,Tboung Khmum,Kor 02,"Kor 02, Tboung Khmum, Tboung Khmum, Cambodia",ACTIVE,TBK,TBKA022,Kor 02,Kor 02,0978785059,,TBK,Tboung Khmum,Tboung Khmum,AGENT,AGENT,AGENT,11.976871,105.716563,TBKA022 | Kor 02 | 0978785059 | TBK | Tboung Khmum | Tboung Khmum | AGENT
TBKP001,Suong,POST,0319777797,Tboung Khmum,Suong,Suong,"Suong, Suong, Tboung Khmum, Cambodia",ACTIVE,TBK,TBKP001,Suong,Suong,0319777797,,TBK,Tboung Khmum,Tboung Khmum,POST,POST,POST,11.911554,105.651283,TBKP001 | Suong | 0319777797 | TBK | Tboung Khmum | Suong | POST
TBKS001,Suong,POST,0882489696,Tboung Khmum,Suong,Suong,"Suong, Suong, Tboung Khmum, Cambodia",ACTIVE,TBK,TBKS001,Suong,Suong,0882489696,,TBK,Tboung Khmum,Tboung Khmum,POST,POST,POST,11.910232,105.653275,TBKS001 | Suong | 0882489696 | TBK | Tboung Khmum | Suong | POST
TBKS002,Kraek,POST,0719400049,Tboung Khmum,Ponhea Kraek,Kraek,"Kraek, Ponhea Kraek, Tboung Khmum, Cambodia",ACTIVE,TBK,TBKS002,Kraek,Kraek,0719400049,,TBK,Tboung Khmum,Tboung Khmum,POST,POST,POST,11.763201,105.940445,TBKS002 | Kraek | 0719400049 | TBK | Tboung Khmum | Ponhea Kraek | POST
TBKS003,Memut,POST,0885358862,Tboung Khmum,Suong,Memut,"Memut, Suong, Tboung Khmum, Cambodia",ACTIVE,TBK,TBKS003,Memut,Memut,0885358862,,TBK,Tboung Khmum,Tboung Khmum,POST,POST,POST,11.828102,106.182878,TBKS003 | Memut | 0885358862 | TBK | Tboung Khmum | Suong | POST
TBKS004,Ampil Ta Pok,POST,0714443292,Tboung Khmum,Ou Reang Ov,Ampil Ta Pok,"Ampil Ta Pok, Ou Reang Ov, Tboung Khmum, Cambodia",ACTIVE,TBK,TBKS004,Ampil Ta Pok,Ampil Ta Pok,0714443292,,TBK,Tboung Khmum,Tboung Khmum,POST,POST,POST,11.796341,105.499489,TBKS004 | Ampil Ta Pok | 0714443292 | TBK | Tboung Khmum | Ou Reang Ov | POST
THOA001,Srayouv,AGENT,0975921168,Kampong Thom,Steung Saen,Srayouv,"Srayouv, Steung Saen, Kampong Thom, Cambodia",ACTIVE,THO,THOA001,Srayouv,Srayouv,0975921168,,THO,Kampong Thom,Kampong Thom,AGENT,AGENT,AGENT,12.657969,104.919848,THOA001 | Srayouv | 0975921168 | THO | Kampong Thom | Steung Saen | AGENT
THOA002,Sou Young,AGENT,0979678777,Kampong Thom,Taing Kouk,Sou Young,"Sou Young, Taing Kouk, Kampong Thom, Cambodia",ACTIVE,THO,THOA002,Sou Young,Sou Young,0979678777,,THO,Kampong Thom,Kampong Thom,AGENT,AGENT,AGENT,12.247011,105.123774,THOA002 | Sou Young | 0979678777 | THO | Kampong Thom | Taing Kouk | AGENT
THOA003,Triel,AGENT,0889900252,Kampong Thom,Taing Kouk,Triel,"Triel, Taing Kouk, Kampong Thom, Cambodia",ACTIVE,THO,THOA003,Triel,Triel,0889900252,,THO,Kampong Thom,Kampong Thom,AGENT,AGENT,AGENT,12.333434,105.105665,THOA003 | Triel | 0889900252 | THO | Kampong Thom | Taing Kouk | AGENT
THOA004,Baray,AGENT,090235666,Kampong Thom,Baray,Baray,"Baray, Baray, Kampong Thom, Cambodia",ACTIVE,THO,THOA004,Baray,Baray,090235666,,THO,Kampong Thom,Kampong Thom,AGENT,AGENT,AGENT,12.396384,105.083396,THOA004 | Baray | 090235666 | THO | Kampong Thom | Baray | AGENT
THOA005,Bak Sna,AGENT,0977557199,Kampong Thom,Baray,Bak Sna,"Bak Sna, Baray, Kampong Thom, Cambodia",ACTIVE,THO,THOA005,Bak Sna,Bak Sna,0977557199,,THO,Kampong Thom,Kampong Thom,AGENT,AGENT,AGENT,12.515992,105.281484,THOA005 | Bak Sna | 0977557199 | THO | Kampong Thom | Baray | AGENT
THOA006,Tbaeng,AGENT,066612813,Kampong Thom,Kampong Svay,Tbaeng,"Tbaeng, Kampong Svay, Kampong Thom, Cambodia",ACTIVE,THO,THOA006,Tbaeng,Tbaeng,066612813,,THO,Kampong Thom,Kampong Thom,AGENT,AGENT,AGENT,12.793109,104.78912,THOA006 | Tbaeng | 066612813 | THO | Kampong Thom | Kampong Svay | AGENT
THOA007,Tang Krasang,AGENT,090834810,Kampong Thom,Santuk,Tang Krasang,"Tang Krasang, Santuk, Kampong Thom, Cambodia",ACTIVE,THO,THOA007,Tang Krasang,Tang Krasang,090834810,,THO,Kampong Thom,Kampong Thom,AGENT,AGENT,AGENT,12.56012,105.04978,THOA007 | Tang Krasang | 090834810 | THO | Kampong Thom | Santuk | AGENT
THOA008,San Ko,AGENT,0975120190,Kampong Thom,Kampong Svay,San Ko,"San Ko, Kampong Svay, Kampong Thom, Cambodia",ACTIVE,THO,THOA008,San Ko,San Ko,0975120190,,THO,Kampong Thom,Kampong Thom,AGENT,AGENT,AGENT,12.80811,104.738129,THOA008 | San Ko | 0975120190 | THO | Kampong Thom | Kampong Svay | AGENT
THOA009,Tum Ring,AGENT,066687713,Kampong Thom,Sandan,Tum Ring,"Tum Ring, Sandan, Kampong Thom, Cambodia",ACTIVE,THO,THOA009,Tum Ring,Tum Ring,066687713,,THO,Kampong Thom,Kampong Thom,AGENT,AGENT,AGENT,12.901008,105.424327,THOA009 | Tum Ring | 066687713 | THO | Kampong Thom | Sandan | AGENT
THOA010,Kraya,AGENT,0883588806,Kampong Thom,Prasat Ballangk,Kraya,"Kraya, Prasat Ballangk, Kampong Thom, Cambodia",ACTIVE,THO,THOA010,Kraya,Kraya,0883588806,,THO,Kampong Thom,Kampong Thom,AGENT,AGENT,AGENT,13.118471,104.762385,THOA010 | Kraya | 0883588806 | THO | Kampong Thom | Prasat Ballangk | AGENT
THOA011,Sala Visai,AGENT,068848840,Kampong Thom,Prasat Ballangk,Sala Visai,"Sala Visai, Prasat Ballangk, Kampong Thom, Cambodia",ACTIVE,THO,THOA011,Sala Visai,Sala Visai,068848840,,THO,Kampong Thom,Kampong Thom,AGENT,AGENT,AGENT,12.948858,104.944323,THOA011 | Sala Visai | 068848840 | THO | Kampong Thom | Prasat Ballangk | AGENT
THOA012,Steung Sean,AGENT,0717687666,Kampong Thom,Steung Saen,Steung Sean,"Steung Sean, Steung Saen, Kampong Thom, Cambodia",ACTIVE,THO,THOA012,Steung Sean,Steung Sean,0717687666,,THO,Kampong Thom,Kampong Thom,AGENT,AGENT,AGENT,12.870132,105.068985,THOA012 | Steung Sean | 0717687666 | THO | Kampong Thom | Steung Saen | AGENT
THOA013,Chhuk,AGENT,0979197468,Kampong Thom,Baray,Chhuk,"Chhuk, Baray, Kampong Thom, Cambodia",ACTIVE,THO,THOA013,Chhuk,Chhuk,0979197468,,THO,Kampong Thom,Kampong Thom,AGENT,AGENT,AGENT,12.931402,105.164794,THOA013 | Chhuk | 0979197468 | THO | Kampong Thom | Baray | AGENT
THOA014,Krava,AGENT,0972163303,Kampong Thom,Baray,Krava,"Krava, Baray, Kampong Thom, Cambodia",ACTIVE,THO,THOA014,Krava,Krava,0972163303,,THO,Kampong Thom,Kampong Thom,AGENT,AGENT,AGENT,12.473985,105.244491,THOA014 | Krava | 0972163303 | THO | Kampong Thom | Baray | AGENT
THOA015,Kampong Chen Tboung,AGENT,0977008490,Kampong Thom,Stoung,Kampong Chen Tboung,"Kampong Chen Tboung, Stoung, Kampong Thom, Cambodia",ACTIVE,THO,THOA015,Kampong Chen Tboung,Kampong Chen Tboung,0977008490,,THO,Kampong Thom,Kampong Thom,AGENT,AGENT,AGENT,12.929947,104.579938,THOA015 | Kampong Chen Tboung | 0977008490 | THO | Kampong Thom | Stoung | AGENT
THOA016,Chamna Kraom,AGENT,0885709168,Kampong Thom,Stoung,Chamna Kraom,"Chamna Kraom, Stoung, Kampong Thom, Cambodia",ACTIVE,THO,THOA016,Chamna Kraom,Chamna Kraom,0885709168,,THO,Kampong Thom,Kampong Thom,AGENT,AGENT,AGENT,12.848016,104.635693,THOA016 | Chamna Kraom | 0885709168 | THO | Kampong Thom | Stoung | AGENT
THOA017,Steung Sean,AGENT,0977537606,Kampong Thom,Steung Saen,Steung Sean,"Steung Sean, Steung Saen, Kampong Thom, Cambodia",ACTIVE,THO,THOA017,Steung Sean,Steung Sean,0977537606,,THO,Kampong Thom,Kampong Thom,AGENT,AGENT,AGENT,104.89055,12.728917,THOA017 | Steung Sean | 0977537606 | THO | Kampong Thom | Steung Saen | AGENT
THOA018,Steung Sean,AGENT,0313756464,Kampong Thom,Steung Saen,Steung Sean,"Steung Sean, Steung Saen, Kampong Thom, Cambodia",ACTIVE,THO,THOA018,Steung Sean,Steung Sean,0313756464,,THO,Kampong Thom,Kampong Thom,AGENT,AGENT,AGENT,12.87017,105.06897,THOA018 | Steung Sean | 0313756464 | THO | Kampong Thom | Steung Saen | AGENT
THOP001,Stueng Saen,POST,0882133448,Kampong Thom,Steung Saen,Stueng Saen,"Stueng Saen, Steung Saen, Kampong Thom, Cambodia",ACTIVE,THO,THOP001,Stueng Saen,Stueng Saen,0882133448,,THO,Kampong Thom,Kampong Thom,POST,POST,POST,12.718887,104.886428,THOP001 | Stueng Saen | 0882133448 | THO | Kampong Thom | Steung Saen | POST
THOP018,Steung Sean,AGENT,0313756464,Kampong Thom,Steung Saen,Steung Sean,"Steung Sean, Steung Saen, Kampong Thom, Cambodia",INACTIVE,THO,THOP018,Steung Sean,Steung Sean,0313756464,,THO,Kampong Thom,Kampong Thom,AGENT,AGENT,AGENT,12.622,105.4718,THOP018 | Steung Sean | 0313756464 | THO | Kampong Thom | Steung Saen | AGENT
THOS001,Prey Ta Hu,POST,0976327489,Kampong Thom,Stueng Saen,Prey Ta Hu,"Prey Ta Hu, Stueng Saen, Kampong Thom, Cambodia",ACTIVE,THO,THOS001,Prey Ta Hu,Prey Ta Hu,0976327489,,THO,Kampong Thom,Kampong Thom,POST,POST,POST,12.718984,104.886849,THOS001 | Prey Ta Hu | 0976327489 | THO | Kampong Thom | Stueng Saen | POST
THOS002,Ballang,POST,090853838,Kampong Thom,Baray,Ballang,"Ballang, Baray, Kampong Thom, Cambodia",ACTIVE,THO,THOS002,Ballang,Ballang,090853838,,THO,Kampong Thom,Kampong Thom,POST,POST,POST,12.4996,105.125,THOS002 | Ballang | 090853838 | THO | Kampong Thom | Baray | POST
THOS003,Kampong Chen Cheung,POST,0978280025,Kampong Thom,Stoung,Kampong Chen Cheung,"Kampong Chen Cheung, Stoung, Kampong Thom, Cambodia",ACTIVE,THO,THOS003,Kampong Chen Cheung,Kampong Chen Cheung,0978280025,,THO,Kampong Thom,Kampong Thom,POST,POST,POST,12.943729,104.569481,THOS003 | Kampong Chen Cheung | 0978280025 | THO | Kampong Thom | Stoung | POST
THOS004,Sandan,POST,068334448,Kampong Thom,Sandan,Sandan,"Sandan, Sandan, Kampong Thom, Cambodia",ACTIVE,THO,THOS004,Sandan,Sandan,068334448,,THO,Kampong Thom,Kampong Thom,POST,POST,POST,13.102497,105.241223,THOS004 | Sandan | 068334448 | THO | Kampong Thom | Sandan | POST
BCTEST,BC Thử nghiệm 5 BAN TTCNTT,POST,,Trung tâm Công nghệ - VTP - test,Battambang,BC Thử nghiệm 5 BAN TTCNTT,"BC Thử nghiệm 5 BAN TTCNTT, Battambang, Trung tâm Công nghệ - VTP - test, Cambodia",ACTIVE,TTCNVTP,BCTEST,BC Thử nghiệm 5 BAN TTCNTT,BC Thử nghiệm 5 BAN TTCNTT,,0886479090,TTCNVTP,Trung tâm Công nghệ - VTP - test,Trung tâm Công nghệ - VTP - test,POST,POST,POST,,,BCTEST | BC Thử nghiệm 5 BAN TTCNTT | TTCNVTP | Trung tâm Công nghệ - VTP - test | Battambang | POST
BCTEST06,BC thử nghiệm 06,POST,,Trung tâm Công nghệ - VTP - test,Battambang,BC thử nghiệm 06,"BC thử nghiệm 06, Battambang, Trung tâm Công nghệ - VTP - test, Cambodia",INACTIVE,TTCNVTP,BCTEST06,BC thử nghiệm 06,BC thử nghiệm 06,,0886479090,TTCNVTP,Trung tâm Công nghệ - VTP - test,Trung tâm Công nghệ - VTP - test,POST,POST,POST,,,BCTEST06 | BC thử nghiệm 06 | TTCNVTP | Trung tâm Công nghệ - VTP - test | Battambang | POST
CAMGL,Kho vùng Thử nghiệm,WAREHOUSE,,Trung tâm Công nghệ - VTP - test,Battambang,Kho vùng Thử nghiệm,"Kho vùng Thử nghiệm, Battambang, Trung tâm Công nghệ - VTP - test, Cambodia",INACTIVE,TTCNVTP,CAMGL,Kho vùng Thử nghiệm,Kho vùng Thử nghiệm,,0886479090,TTCNVTP,Trung tâm Công nghệ - VTP - test,Trung tâm Công nghệ - VTP - test,WAREHOUSE,WAREHOUSE,WAREHOUSE,,,CAMGL | Kho vùng Thử nghiệm | TTCNVTP | Trung tâm Công nghệ - VTP - test | Battambang | WAREHOUSE
CAMGL1,Thử nghiệm 1 BAN,AGENT,,Trung tâm Công nghệ - VTP - test,Battambang,Thử nghiệm 1 BAN,"Thử nghiệm 1 BAN, Battambang, Trung tâm Công nghệ - VTP - test, Cambodia",INACTIVE,TTCNVTP,CAMGL1,Thử nghiệm 1 BAN,Thử nghiệm 1 BAN,,0886479090,TTCNVTP,Trung tâm Công nghệ - VTP - test,Trung tâm Công nghệ - VTP - test,AGENT,AGENT,AGENT,,,CAMGL1 | Thử nghiệm 1 BAN | TTCNVTP | Trung tâm Công nghệ - VTP - test | Battambang | AGENT
CAMGL2,Thử nghiệm 2,AGENT,,Trung tâm Công nghệ - VTP - test,Battambang,Thử nghiệm 2,"Thử nghiệm 2, Battambang, Trung tâm Công nghệ - VTP - test, Cambodia",INACTIVE,TTCNVTP,CAMGL2,Thử nghiệm 2,Thử nghiệm 2,,0886479090,TTCNVTP,Trung tâm Công nghệ - VTP - test,Trung tâm Công nghệ - VTP - test,AGENT,AGENT,AGENT,,,CAMGL2 | Thử nghiệm 2 | TTCNVTP | Trung tâm Công nghệ - VTP - test | Battambang | AGENT
DVCT,DVCT TEST,SHIPPER,,Trung tâm Công nghệ - VTP - test,Battambang,DVCT TEST,"DVCT TEST, Battambang, Trung tâm Công nghệ - VTP - test, Cambodia",ACTIVE,TTCNVTP,DVCT,DVCT TEST,DVCT TEST,,0886479090,TTCNVTP,Trung tâm Công nghệ - VTP - test,Trung tâm Công nghệ - VTP - test,SHIPPER,SHIPPER,SHIPPER,,,DVCT | DVCT TEST | TTCNVTP | Trung tâm Công nghệ - VTP - test | Battambang | SHIPPER
GLOBAL0,Test PNP,SHIPPER,001,Trung tâm Công nghệ - VTP - test,Battambang,Test PNP,"Test PNP, Battambang, Trung tâm Công nghệ - VTP - test, Cambodia",ACTIVE,TTCNVTP,GLOBAL0,Test PNP,Test PNP,001,0886479090,TTCNVTP,Trung tâm Công nghệ - VTP - test,Trung tâm Công nghệ - VTP - test,SHIPPER,SHIPPER,SHIPPER,,,GLOBAL0 | Test PNP | 001 | TTCNVTP | Trung tâm Công nghệ - VTP - test | Battambang | SHIPPER
GLOBAL2,Test BAT,WAREHOUSE,0712665666,Trung tâm Công nghệ - VTP - test,Battambang,Test BAT,"Test BAT, Battambang, Trung tâm Công nghệ - VTP - test, Cambodia",ACTIVE,TTCNVTP,GLOBAL2,Test BAT,Test BAT,0712665666,0886479090,TTCNVTP,Trung tâm Công nghệ - VTP - test,Trung tâm Công nghệ - VTP - test,WAREHOUSE,WAREHOUSE,WAREHOUSE,,,GLOBAL2 | Test BAT | 0712665666 | TTCNVTP | Trung tâm Công nghệ - VTP - test | Battambang | WAREHOUSE
GLOBAL3,GLOBAL test,INTERNATIONAL_POST,0963258555,Trung tâm Công nghệ - VTP - test,Battambang,GLOBAL test,"GLOBAL test, Battambang, Trung tâm Công nghệ - VTP - test, Cambodia",ACTIVE,TTCNVTP,GLOBAL3,GLOBAL test,GLOBAL test,0963258555,0886479090,TTCNVTP,Trung tâm Công nghệ - VTP - test,Trung tâm Công nghệ - VTP - test,INTERNATIONAL_POST,INTERNATIONAL_POST,INTERNATIONAL_POST,,,GLOBAL3 | GLOBAL test | 0963258555 | TTCNVTP | Trung tâm Công nghệ - VTP - test | Battambang | INTERNATIONAL_POST
GLOBAL4,Test BAN,POST,0717456456,Trung tâm Công nghệ - VTP - test,Battambang,Test BAN,"Test BAN, Battambang, Trung tâm Công nghệ - VTP - test, Cambodia",ACTIVE,TTCNVTP,GLOBAL4,Test BAN,Test BAN,0717456456,0886479090,TTCNVTP,Trung tâm Công nghệ - VTP - test,Trung tâm Công nghệ - VTP - test,POST,POST,POST,13.514436678714793,103.01409957611429,GLOBAL4 | Test BAN | 0717456456 | TTCNVTP | Trung tâm Công nghệ - VTP - test | Battambang | POST
GLOBAL5,Test BAT,POST,0240499,Trung tâm Công nghệ - VTP - test,Battambang,Test BAT,"Test BAT, Battambang, Trung tâm Công nghệ - VTP - test, Cambodia",ACTIVE,TTCNVTP,GLOBAL5,Test BAT,Test BAT,0240499,0886479090,TTCNVTP,Trung tâm Công nghệ - VTP - test,Trung tâm Công nghệ - VTP - test,POST,POST,POST,,,GLOBAL5 | Test BAT | 0240499 | TTCNVTP | Trung tâm Công nghệ - VTP - test | Battambang | POST
GLOBAL6,Test Agent PNP,WAREHOUSE,0192754,Trung tâm Công nghệ - VTP - test,Battambang,Test Agent PNP,"Test Agent PNP, Battambang, Trung tâm Công nghệ - VTP - test, Cambodia",ACTIVE,TTCNVTP,GLOBAL6,Test Agent PNP,Test Agent PNP,0192754,0886479090,TTCNVTP,Trung tâm Công nghệ - VTP - test,Trung tâm Công nghệ - VTP - test,WAREHOUSE,WAREHOUSE,WAREHOUSE,13.31775233740907,104.8998711972132,GLOBAL6 | Test Agent PNP | 0192754 | TTCNVTP | Trung tâm Công nghệ - VTP - test | Battambang | WAREHOUSE
GLOBAL7,Test Agent BAT,AGENT,0521259,Trung tâm Công nghệ - VTP - test,Battambang,Test Agent BAT,"Test Agent BAT, Battambang, Trung tâm Công nghệ - VTP - test, Cambodia",ACTIVE,TTCNVTP,GLOBAL7,Test Agent BAT,Test Agent BAT,0521259,0886479090,TTCNVTP,Trung tâm Công nghệ - VTP - test,Trung tâm Công nghệ - VTP - test,AGENT,AGENT,AGENT,11.473225,104.94918,GLOBAL7 | Test Agent BAT | 0521259 | TTCNVTP | Trung tâm Công nghệ - VTP - test | Battambang | AGENT
GLOBAL8,BC test GLOBAL8,POST,,Trung tâm Công nghệ - VTP - test,Battambang,BC test GLOBAL8,"BC test GLOBAL8, Battambang, Trung tâm Công nghệ - VTP - test, Cambodia",INACTIVE,TTCNVTP,GLOBAL8,BC test GLOBAL8,BC test GLOBAL8,,0886479090,TTCNVTP,Trung tâm Công nghệ - VTP - test,Trung tâm Công nghệ - VTP - test,POST,POST,POST,,,GLOBAL8 | BC test GLOBAL8 | TTCNVTP | Trung tâm Công nghệ - VTP - test | Battambang | POST
KVBAN,Kho vùng BAN,WAREHOUSE,,Trung tâm Công nghệ - VTP - test,Battambang,Kho vùng BAN,"Kho vùng BAN, Battambang, Trung tâm Công nghệ - VTP - test, Cambodia",INACTIVE,TTCNVTP,KVBAN,Kho vùng BAN,Kho vùng BAN,,0886479090,TTCNVTP,Trung tâm Công nghệ - VTP - test,Trung tâm Công nghệ - VTP - test,WAREHOUSE,WAREHOUSE,WAREHOUSE,,,KVBAN | Kho vùng BAN | TTCNVTP | Trung tâm Công nghệ - VTP - test | Battambang | WAREHOUSE
KVPNP,Kho vùng PNP,WAREHOUSE,0123466789,Trung tâm Công nghệ - VTP - test,Battambang,Kho vùng PNP,"Kho vùng PNP, Battambang, Trung tâm Công nghệ - VTP - test, Cambodia",INACTIVE,TTCNVTP,KVPNP,Kho vùng PNP,Kho vùng PNP,0123466789,0886479090,TTCNVTP,Trung tâm Công nghệ - VTP - test,Trung tâm Công nghệ - VTP - test,WAREHOUSE,WAREHOUSE,WAREHOUSE,1111111.0,23123123.0,KVPNP | Kho vùng PNP | 0123466789 | TTCNVTP | Trung tâm Công nghệ - VTP - test | Battambang | WAREHOUSE
PNPTTSST,PNP TEST,POST,,Trung tâm Công nghệ - VTP - test,Battambang,PNP TEST,"PNP TEST, Battambang, Trung tâm Công nghệ - VTP - test, Cambodia",INACTIVE,TTCNVTP,PNPTTSST,PNP TEST,PNP TEST,,0886479090,TTCNVTP,Trung tâm Công nghệ - VTP - test,Trung tâm Công nghệ - VTP - test,POST,POST,POST,,,PNPTTSST | PNP TEST | TTCNVTP | Trung tâm Công nghệ - VTP - test | Battambang | POST
MFET001,GLOBAL Metfone Express Test 01,POST,001,Metfone Express Test,Battambang,GLOBAL Metfone Express Test 01,"GLOBAL Metfone Express Test 01, Battambang, Metfone Express Test, Cambodia",ACTIVE,ZT01,MFET001,GLOBAL Metfone Express Test 01,GLOBAL Metfone Express Test 01,001,0886479090,ZT01,Metfone Express Test,Metfone Express Test,POST,POST,POST,,,MFET001 | GLOBAL Metfone Express Test 01 | 001 | ZT01 | Metfone Express Test | Battambang | POST
MFET002,GLOBAL  Metfone Express Test 02,POST,0192754,Metfone Express Test,Battambang,GLOBAL  Metfone Express Test 02,"GLOBAL  Metfone Express Test 02, Battambang, Metfone Express Test, Cambodia",ACTIVE,ZT01,MFET002,GLOBAL  Metfone Express Test 02,GLOBAL  Metfone Express Test 02,0192754,0886479090,ZT01,Metfone Express Test,Metfone Express Test,POST,POST,POST,,,MFET002 | GLOBAL  Metfone Express Test 02 | 0192754 | ZT01 | Metfone Express Test | Battambang | POST
